"player","position","team","playerId","birthdate","points","lower","upper","sdPts","positionRank","dropoff","tier","exp","ecrPosition","sdRank","risk"
"49ers","DST","SF",100029,,5.75,5.75,5.75,,20,0.2,0,47,23.1,4.1,5.98552070535009
"A.J. Derby","TE","MIA",2552580,1991-09-20,5.75,5.75,5.75,,17,0.15,0,2,61.3,8.8,6.33177527419066
"A.J. Green","WR","CIN",2495450,1988-07-31,14.45,14.45,14.45,,3,2.25375,0,6,3.8,1.4,2.05115753548549
"AJ McCarron","QB","CIN",2543497,1990-09-13,0,0,0,,29,0,0,3,,,
"Aaron Burbridge","WR","SF",2555362,1993-12-23,0,0,0,,123,0,0,1,,,
"Aaron Dobson","WR","FA",2539256,1991-07-23,0,0,0,,123,0,0,4,,,
"Aaron Jones","RB","GB",2558116,1994-12-02,7.71,7.71,7.71,,23,0.0512499999999996,0,0,48.4,5.6,4.6324674063905
"Aaron Murray","QB","FA",2543587,1990-11-10,0,0,0,,29,0,0,3,,,
"Aaron Ripkowski","RB","GB",2552477,1992-12-20,0,0,0,,76,0,0,2,87.6,3.3,3.43573965628493
"Aaron Rodgers","QB","GB",2506363,1983-12-02,0,0,0,,29,0,0,12,,,
"Adam Humphries","WR","TB",2553895,1993-06-24,7.0175,7.0175,7.0175,,44,0.407500000000001,0,2,87.7,8.1,5.46759671122992
"Adam Shaheen","TE","CHI",2558144,1994-01-01,5.45,5.45,5.45,,20,0.0812499999999998,0,0,38.5,7.9,5.9064498659733
"Adam Thielen","WR","MIN",2541785,1990-08-22,9.8875,9.8875,9.8875,,11,0.168749999999999,0,3,8.7,1.9,2.3061156829291
"Adam Vinatieri","K","IND",2503471,1972-12-28,7.2,7.2,7.2,,20,0.25,0,21,17.9,3.6,4.26157309807194
"Adrian Peterson","RB","ARI",2507164,1985-03-21,8.02,8.02,8.02,,20,0.156250000000002,0,10,47.6,10.6,7.2340494718374
"Akeem Hunt","RB","KC",2553660,1993-02-22,0,0,0,,76,0,0,2,78.8,6.1,4.89262561293519
"Alan Cross","TE","TB",2556508,1993-05-02,0,0,0,,56,0,0,1,72,15,9.26179475302143
"Albert Wilson","WR","KC",2550272,1992-07-12,0,0,0,,123,0,0,3,67.6,6.3,4.54974738043291
"Aldrick Robinson","WR","SF",2495331,1988-09-24,5.6125,5.6125,5.6125,,64,0.0687500000000005,0,6,86.8,10.5,6.69139581895927
"Aldrick Rosas","K","NYG",2556771,1994-12-30,6.6,6.6,6.6,,27,3.55,0,1,28.6,3.1,3.52314619614387
"Alex Collins","RB","BAL",2555430,1994-08-26,0,0,0,,76,0,0,1,20,4.9,4.26824591722794
"Alex Erickson","WR","CIN",2556519,1992-11-06,1.36,1.36,1.36,,105,0.1825,0,1,106.1,9.2,6.02850463560587
"Alex Smith","QB","KC",2506340,1984-05-07,0,0,0,,29,0,0,12,4.2,2.9,5.41671772263981
"Alexander Armah","RB","CAR",2558833,1994-05-17,0,0,0,,76,0,0,0,,,
"Alfred Blue","RB","HOU",2543600,1991-04-27,0.1075,0.1075,0.1075,,75,0.1075,0,3,68.7,5.5,4.58043576508156
"Alfred Morris","RB","DAL",2533457,1988-12-12,8.275,8.275,8.275,,19,0.26,0,5,17.6,3.9,3.74792950413856
"Allen Hurns","WR","JAC",2550353,1991-11-21,7.3875,7.3875,7.3875,,42,0.36625,0,3,95.5,16.9,9.95486010623754
"Allen Robinson","WR","JAC",2543509,1993-08-24,0,0,0,,123,0,0,3,,,
"Alshon Jeffery","WR","PHI",2533039,1990-02-14,0,0,0,,123,0,0,5,15,3,2.86702360730505
"Alvin Kamara","RB","NO",2558019,1996-06-25,10.705,10.705,10.705,,12,0.67375,0,0,2.5,2.1,2.81135996057767
"Amara Darboh","WR","SEA",2557905,1994-02-01,1.65,1.65,1.65,,104,0.3075,0,0,127.1,7.2,5.00867204583142
"Amari Cooper","WR","OAK",2552487,1994-06-18,0,0,0,,123,0,0,2,43.3,17.3,10.1588266241924
"Amba Etta-Tawo","WR","FA",2559170,1993-11-10,0,0,0,,123,0,0,0,,,
"Ameer Abdullah","RB","DET",2552374,1993-06-13,6.925,6.925,6.925,,35,0.0825000000000005,0,2,50.5,11.3,7.59827096099997
"Andre Ellington","RB","HOU",2539217,1989-02-03,3.625,3.625,3.625,,54,0.0449999999999999,0,4,56.3,6,4.84059397162625
"Andre Holmes","WR","BUF",2495453,1988-06-16,4.5875,4.5875,4.5875,,77,0.2375,0,6,98.7,13,7.96618655617734
"Andre Roberts","WR","ATL",497320,1988-01-09,0.8125,0.8125,0.8125,,108,0.0187500000000002,0,7,,,
"Andre Williams","RB","LAC",2543565,1992-08-28,0,0,0,,76,0,0,3,,,
"Andrew Franks","K","FA",2553648,1993-01-11,0,0,0,,29,0,0,2,,,
"Andrew Hawkins","WR","FA",2508097,1986-03-10,0,0,0,,123,0,0,6,,,
"Andrew Luck","QB","IND",2533031,1989-09-12,0,0,0,,29,0,0,5,,,
"Andy Dalton","QB","CIN",2495143,1987-10-29,13.1,13.1,13.1,,15,1.16,0,6,20.1,3.6,6.81360248303807
"Andy Janovich","RB","DEN",2555432,1993-05-23,0,0,0,,76,0,0,1,85.5,10.5,7.18201783052846
"Anquan Boldin","WR","FA",2505587,1980-10-03,0,0,0,,123,0,0,14,,,
"Anthony Fasano","TE","MIA",2495835,1984-04-20,2.3125,2.3125,2.3125,,40,0.15625,0,11,59.6,3.1,3.63804768881399
"Anthony Sherman","RB","KC",2495340,1988-12-11,0,0,0,,76,0,0,6,91.1,9.2,6.50560649351227
"Antone Smith","RB","FA",89798,1985-09-17,0,0,0,,76,0,0,8,,,
"Antonio Andrews","RB","FA",2550474,1992-08-17,0,0,0,,76,0,0,3,,,
"Antonio Brown","WR","PIT",2508061,1988-07-10,18.15,18.15,18.15,,1,3.325,1,7,1.3,1.1,1.89818264701932
"Antonio Gates","TE","LAC",2505299,1980-06-18,3.3875,3.3875,3.3875,,31,0.15,0,14,31.9,4.3,4.20514823310382
"Antwan Goodley","WR","FA",2553526,1991-09-06,0,0,0,,123,0,0,2,,,
"ArDarius Stewart","WR","NYJ",2558150,1993-12-08,2.9125,2.9125,2.9125,,95,0.11,0,0,122.8,10.3,6.58941255998183
"Arrelious Benn","WR","JAC",497270,1988-09-08,0.7875,0.7875,0.7875,,110,0.1075,0,7,,,
"Artavis Scott","WR","FA",2559246,1994-12-12,0,0,0,,123,0,0,0,,,
"Asante Cleveland","TE","LAC",2550454,1992-03-21,0,0,0,,56,0,0,3,,,
"Austin Carr","WR","NO",2558928,1993-12-25,0,0,0,,123,0,0,0,,,
"Austin Davis","QB","SEA",2533349,1989-06-02,0,0,0,,29,0,0,5,,,
"Austin Ekeler","RB","LAC",2559169,1995-05-17,2.57,2.57,2.57,,60,0.16875,0,0,40.8,2.8,3.17558144974024
"Austin Hooper","TE","ATL",2555415,1994-10-29,7.25,7.25,7.25,,10,0.0687499999999996,0,1,18.2,3.1,3.63804768881399
"Austin Seferian-Jenkins","TE","NYJ",2543683,1992-09-29,7.45,7.45,7.45,,9,0.21875,0,3,11.7,2.5,3.35449741666908
"Austin Traylor","TE","DEN",2556900,1993-09-03,0,0,0,,56,0,0,1,32.6,3.1,3.63804768881399
"Bears","DST","CHI",100005,,11.3,11.3,11.3,,5,0.300000000000001,0,47,19.1,4.5,6.72983004925085
"Beau Sandland","TE","FA",2555487,1993-02-23,0,0,0,,56,0,0,1,,,
"Ben Braunecker","TE","CHI",2556478,1994-02-07,0,0,0,,56,0,0,1,,,
"Ben Koyack","TE","JAC",2552396,1993-04-09,0,0,0,,56,0,0,2,,,
"Ben Roethlisberger","QB","PIT",2506109,1982-03-02,15.81,15.81,15.81,,10,0.505000000000001,0,13,11.1,3.5,6.61404751726689
"Bengals","DST","CIN",100006,,5.5,5.5,5.5,,22,0.4,0,47,4.7,2.6,3.19436066572222
"Benjamin Watson","TE","BAL",2506122,1980-12-18,0,0,0,,56,0,0,13,24.2,2.4,3.30723903797826
"Bennie Fowler","WR","DEN",2550198,1991-06-10,4.4625,4.4625,4.4625,,78,0.2625,0,3,90.4,8.2,5.51858834071864
"Benny Cunningham","RB","CHI",2541544,1990-07-07,2.5875,2.5875,2.5875,,59,0.05125,0,4,80.1,6.8,5.25684710209776
"Bernard Pierce","RB","FA",2533545,1991-05-10,0,0,0,,76,0,0,5,,,
"Bernard Reedy","WR","NE",2550246,1991-12-31,0,0,0,,123,0,0,3,,,
"Bilal Powell","RB","NYJ",2495328,1988-10-27,12.1325,12.1325,12.1325,,9,0.838750000000001,0,6,39.8,2.9,3.22761309104918
"Bills","DST","BUF",100003,,6,6,6,,19,0.325,0,47,9.8,2.8,3.5665153376726
"Bishop Sankey","RB","MIN",2543682,1992-09-15,0,0,0,,76,0,0,3,,,
"Blaine Gabbert","QB","ARI",2495441,1989-10-15,0,0,0,,29,0,0,6,23.3,2.7,5.01760779109746
"Blair Walsh","K","SEA",2532968,1990-01-08,7.5,7.5,7.5,,16,0.0500000000000007,0,5,21.9,4.6,5.73842690192806
"Blake Bell","TE","MIN",2552478,1991-08-07,0,0,0,,56,0,0,2,,,
"Blake Bortles","QB","JAC",2543477,1991-12-16,10.66,10.66,10.66,,19,1.105,0,3,24.2,2.4,4.41894289378392
"Bralon Addison","RB","FA",2556457,1993-10-12,0,0,0,,76,0,0,1,,,
"Branden Oliver","RB","LAC",2550658,1991-05-07,0,0,0,,76,0,0,3,83,7.8,5.77716351518714
"Brandin Cooks","WR","NE",2543498,1993-09-25,11.8925,11.8925,11.8925,,5,0.385,0,3,5.9,1.5,2.10214916497421
"Brandon Allen","QB","LAR",2555365,1992-09-05,0,0,0,,29,0,0,1,,,
"Brandon Bolden","RB","NE",2532797,1990-01-26,0,0,0,,76,0,0,5,,,
"Brandon Burks","RB","FA",2556728,1993-11-01,0,0,0,,76,0,0,1,,,
"Brandon Coleman","WR","NO",2550328,1992-06-22,4.9125,4.9125,4.9125,,74,0.0874999999999995,0,3,80,8.6,5.72255485867354
"Brandon Doughty","QB","FA",2555302,1991-10-06,0,0,0,,29,0,0,1,,,
"Brandon LaFell","WR","CIN",497302,1986-11-04,5.8375,5.8375,5.8375,,59,0.0125000000000002,0,7,61.2,5.2,3.98883945605696
"Brandon Marshall","WR","NYG",2495893,1984-03-23,0,0,0,,123,0,0,11,,,
"Brandon McManus","K","DEN",2541556,1991-07-25,7.9,7.9,7.9,,13,0.200000000000001,0,3,24.9,4.7,5.88611228231368
"Brandon Myers","TE","FA",89766,1985-09-04,0,0,0,,56,0,0,8,,,
"Brandon Radcliff","RB","FA",2558898,1993-03-18,0,0,0,,76,0,0,0,,,
"Brandon Reilly","WR","BUF",2559235,1993-09-24,0,0,0,,123,0,0,0,,,
"Brandon Tate","WR","BUF",81306,1987-10-05,0.6,0.6,0.6,,113,0.00625000000000009,0,8,123.5,8.8,5.82453811765098
"Brandon Weeden","QB","TEN",2532970,1983-10-14,0,0,0,,29,0,0,5,,,
"Brandon Williams","TE","IND",2539645,1987-10-12,0,0,0,,56,0,0,5,59.1,6.4,5.19757418561101
"Braxton Miller","WR","HOU",2555348,1992-11-30,0.4375,0.4375,0.4375,,118,0.3025,0,1,91,12.2,7.55825352026756
"Brent Celek","TE","PHI",2507218,1985-01-25,0,0,0,,56,0,0,10,56.7,10.8,7.27694284800704
"Brenton Bersin","WR","CAR",2535966,1990-05-09,0,0,0,,123,0,0,4,119.3,4.2,3.47892316116973
"Breshad Perriman","WR","BAL",2552597,1993-09-10,0,0,0,,123,0,0,2,116,15.1,9.03701077544053
"Brett Hundley","QB","GB",2552588,1993-06-15,8.81,8.81,8.81,,23,0.415000000000001,0,2,23.2,2.4,4.41894289378392
"Brian Hill","RB","CIN",2558112,1995-11-09,0,0,0,,76,0,0,0,78.5,8.1,5.93325843911395
"Brian Hoyer","QB","NE",81294,1985-10-31,0,0,0,,29,0,0,8,,,
"Brian Quick","WR","WAS",2532933,1989-06-05,0,0,0,,123,0,0,5,,,
"Brice Butler","WR","DAL",2541388,1990-01-29,3.5375,3.5375,3.5375,,85,0.125,0,4,95.6,7.8,5.31462182276375
"Brittan Golden","WR","ARI",2535988,1988-07-20,0.8,0.8,0.8,,109,0.0387500000000001,0,5,,,
"Brock Osweiler","QB","DEN",2533436,1990-11-22,8.35,8.35,8.35,,27,4.47,0,5,,,
"Broncos","DST","DEN",100009,,5.6,5.6,5.6,,21,0.25,0,47,11.8,3.6,5.05513402547413
"Bronson Hill","RB","ARI",2554357,1993-01-02,0,0,0,,76,0,0,2,,,
"Browns","DST","CLE",100007,,4.95,4.95,4.95,,25,0.350000000000001,0,47,22.7,6,9.52099008887873
"Bruce Ellington","WR","HOU",2543646,1991-08-22,3,3,3,,93,0.0499999999999998,0,3,68.8,12.5,7.71122840873373
"Bryan Walters","WR","FA",2528181,1987-11-04,0,0,0,,123,0,0,7,,,
"Bryce Petty","QB","NYJ",2552369,1991-05-31,0,0,0,,29,0,0,2,,,
"Bryce Treggs","WR","CLE",2556697,1994-04-30,0,0,0,,123,0,0,1,,,
"Bryce Williams","TE","FA",2556709,1993-02-24,0,0,0,,56,0,0,1,,,
"Buccaneers","DST","TB",100031,,6.45,6.45,6.45,,15,0.225000000000001,0,47,22.1,4.8,7.28806205717643
"Bucky Hodges","TE","FA",2558011,1995-08-08,0,0,0,,56,0,0,0,,,
"Bug Howard","WR","FA",2558889,1994-11-28,0,0,0,,123,0,0,0,,,
"Byron Marshall","RB","WAS",2556841,1994-02-13,0,0,0,,76,0,0,1,58.9,5.1,4.37230919984581
"C.J. Anderson","RB","DEN",2540269,1991-02-10,6.605,6.605,6.605,,39,0.11375,0,4,33.4,3.8,3.69589786282962
"C.J. Beathard","QB","SF",2557922,1993-11-16,8.35,8.35,8.35,,26,0.295000000000002,0,0,,,
"C.J. Fiedorowicz","TE","HOU",2543721,1991-10-22,5.3,5.3,5.3,,22,0.425000000000001,0,3,29.1,3.4,3.77982282488645
"C.J. Ham","RB","MIN",2556803,1993-07-22,0,0,0,,76,0,0,1,,,
"C.J. Prosise","RB","SEA",2555417,1994-05-20,6.825,6.825,6.825,,37,0.17625,0,1,,,
"C.J. Spiller","RB","KC",497204,1987-08-15,0,0,0,,76,0,0,7,,,
"C.J. Uzomah","TE","CIN",2552559,1993-01-14,1.95,1.95,1.95,,44,0.6,0,2,62.7,5.1,4.58321526263037
"Cairo Santos","K","CHI",2550636,1991-11-21,0,0,0,,29,0,0,3,25.6,6.9,9.13519065079715
"Caleb Sturgis","K","PHI",2539637,1989-08-09,0,0,0,,29,0,0,4,,,
"Calvin Johnson","WR","FA",2495647,1985-09-29,0,0,0,,123,0,0,10,,,
"Cam Newton","QB","CAR",2495455,1989-05-11,17.02,17.02,17.02,,4,0.579999999999998,0,6,11.7,3,5.61627268841099
"Cameron Artis-Payne","RB","CAR",2552375,1990-06-23,0.2075,0.2075,0.2075,,73,0.09625,0,2,92.5,10.4,7.12998618921953
"Cameron Brate","TE","TB",2550656,1991-07-03,8.0125,8.0125,8.0125,,7,0.331249999999999,0,3,9.5,2.8,3.49627255274154
"Cameron Meredith","WR","CHI",2553568,1992-09-21,0,0,0,,123,0,0,2,,,
"Canaan Severin","WR","FA",2556678,1993-03-16,0,0,0,,123,0,0,1,,,
"Cardale Jones","QB","LAC",2555426,1992-09-29,0,0,0,,29,0,0,1,,,
"Cardinals","DST","ARI",100026,,6.05,6.05,6.05,,18,0.175,0,47,15.9,2.9,3.75259267364779
"Carlos Henderson","WR","DEN",2558003,1994-12-19,0,0,0,,123,0,0,0,,,
"Carlos Hyde","RB","SF",2543743,1991-09-20,12.295,12.295,12.295,,8,0.397500000000001,0,3,15.6,3.2,3.38370801497599
"Carlton Agudosi","WR","ARI",2559131,1994-02-01,0,0,0,,123,0,0,0,,,
"Carson Palmer","QB","ARI",2505245,1979-12-27,0,0,0,,29,0,0,14,,,
"Carson Wentz","QB","PHI",2555259,1992-12-30,0,0,0,,29,0,0,1,3.3,1.5,2.62294820184331
"Case Keenum","QB","MIN",2532888,1988-02-12,14.12,14.12,14.12,,14,1.55,0,5,15.7,2.6,4.81805282532628
"Cayleb Jones","WR","FA",2556840,1993-03-21,0,0,0,,123,0,0,1,,,
"Cecil Shorts","WR","FA",2495341,1987-12-22,0,0,0,,123,0,0,6,,,
"Cedric ONeal","RB","FA",2556760,1994-01-29,0,0,0,,76,0,0,1,,,
"Cedric Peerman","RB","CIN",79629,1986-10-10,0,0,0,,76,0,0,8,,,
"Cethan Carter","TE","CIN",2558929,1993-09-05,0,0,0,,56,0,0,0,,,
"Chad Hansen","WR","NYJ",2558069,1995-01-18,2.2625,2.2625,2.2625,,100,0.48125,0,0,100.8,4.9,3.83586456759079
"Chad Henne","QB","JAC",252,1985-07-02,0,0,0,,29,0,0,9,,,
"Chad Kelly","QB","DEN",2557869,1994-03-26,0,0,0,,29,0,0,0,,,
"Chad Williams","WR","ARI",2558208,1994-10-19,0,0,0,,123,0,0,0,112.6,10.1,6.48742930100438
"Chandler Catanzaro","K","NYJ",2550325,1991-02-26,8.3,8.3,8.3,,11,0.25,0,3,20.8,5.3,6.77222456462735
"Charcandrick West","RB","KC",2550268,1991-06-02,0,0,0,,76,0,0,3,73.1,7.9,5.82919515649608
"Charles Clay","TE","BUF",2495139,1989-02-13,7.15,7.15,7.15,,12,0.525,0,6,15.3,2.7,3.44901417405072
"Charles Johnson","WR","CAR",2541147,1989-02-27,0,0,0,,123,0,0,4,,,
"Charles Sims","RB","TB",2543770,1990-09-19,2.5025,2.5025,2.5025,,61,0.282500000000001,0,3,69.3,7.8,5.77716351518714
"Charone Peake","WR","NYJ",2555477,1992-10-16,0,0,0,,123,0,0,1,,,
"Chase Daniel","QB","NO",81284,1986-10-07,0,0,0,,29,0,0,8,,,
"Chester Rogers","WR","IND",2556396,1994-01-12,0.5875,0.5875,0.5875,,115,0.10625,0,1,83,12.7,7.81321166771118
"Chris Boswell","K","PIT",2550545,1989-12-16,9.4,9.4,9.4,,3,0.450000000000001,1,3,10.2,2.8,3.08009005498704
"Chris Carson","RB","SEA",2558865,1994-09-16,0,0,0,,76,0,0,0,,,
"Chris Conley","WR","KC",2552652,1992-10-25,0,0,0,,123,0,0,2,,,
"Chris Godwin","WR","TB",2558105,1996-02-27,6,6,6,,55,0.0687499999999996,0,0,95.5,5.5,4.14181434452313
"Chris Gragg","TE","NYJ",2539202,1990-06-30,0,0,0,,56,0,0,4,,,
"Chris Harper","WR","FA",2553652,1993-12-07,0,0,0,,123,0,0,2,,,
"Chris Hogan","WR","NE",2530515,1988-10-24,0,0,0,,123,0,0,6,43.3,21.5,12.3004750627188
"Chris Ivory","RB","JAC",2507999,1988-03-22,5.5875,5.5875,5.5875,,46,0.456250000000001,0,7,72.9,4.4,4.00808771068325
"Chris Johnson","RB","FA",262,1985-09-23,0,0,0,,76,0,0,9,,,
"Chris Manhertz","TE","CAR",2552622,1992-04-10,0,0,0,,56,0,0,1,,,
"Chris Matthews","WR","BAL",2531049,1989-10-06,0,0,0,,123,0,0,3,,,
"Chris Moore","WR","BAL",2555209,1993-06-16,0,0,0,,123,0,0,1,93.2,5.1,3.93784782656823
"Chris Thompson","RB","WAS",2540011,1990-10-20,8.9275,8.9275,8.9275,,17,0.356250000000001,0,4,,,
"Chris Thompson","WR","HOU",2559368,,0,0,0,,123,0,0,0,108.3,12,7.45627026129012
"Christian Hackenberg","QB","NYJ",2555416,1995-02-14,0,0,0,,29,0,0,1,,,
"Christian McCaffrey","RB","CAR",2557997,1996-06-07,10.925,10.925,10.925,,11,0.554999999999998,0,0,22.3,3.8,3.69589786282962
"Christian Ponder","QB","FA",2495215,1988-02-25,0,0,0,,29,0,0,6,,,
"Christine Michael","RB","IND",2539322,1990-11-09,0,0,0,,76,0,0,4,,,
"Clark Harris","TE","CIN",2495620,1984-07-10,0,0,0,,56,0,0,10,,,
"Clay Harbor","TE","NO",497242,1987-07-02,0,0,0,,56,0,0,7,,,
"Clive Walford","TE","OAK",2552397,1991-10-21,0,0,0,,56,0,0,2,52.6,8.2,6.04822500204575
"Cobi Hamilton","WR","HOU",2539203,1990-11-13,0,0,0,,123,0,0,4,126,4.3,3.52991479065845
"Coby Fleener","TE","NO",2532838,1988-09-20,2.575,2.575,2.575,,37,0.1125,0,5,,,
"Cody Core","WR","CIN",2555331,1994-04-17,1.325,1.325,1.325,,106,0.40375,0,1,,,
"Cody Kessler","QB","CLE",2555387,1993-05-11,0,0,0,,29,0,0,1,,,
"Cody Latimer","WR","DEN",2543590,1992-10-10,1.7625,1.7625,1.7625,,103,0.2575,0,3,96.5,10.1,6.48742930100438
"Cody Parkey","K","MIA",2550380,1992-02-19,7.5,7.5,7.5,,16,0.15,0,3,29.6,3.8,4.55694385884316
"Cole Beasley","WR","DAL",2535698,1989-04-26,4.9575,4.9575,4.9575,,73,0.0762500000000008,0,5,81,8.1,5.46759671122992
"Colin Kaepernick","QB","FA",2495186,1987-11-03,0,0,0,,29,0,0,6,,,
"Colt McCoy","QB","WAS",497123,1986-09-05,0,0,0,,29,0,0,7,,,
"Colts","DST","IND",100014,,5.2,5.2,5.2,,23,0.225000000000001,0,47,20.6,5,7.66021672912681
"Connor Barth","K","FA",2507463,1986-04-11,7,7,7,,21,0.0999999999999996,0,9,,,
"Connor Cook","QB","OAK",2555332,1993-01-29,0,0,0,,29,0,0,1,,,
"Connor Hamlett","TE","FA",2553771,1992-04-12,0,0,0,,56,0,0,1,,,
"Connor Shaw","QB","FA",2550252,1991-09-19,0,0,0,,29,0,0,3,,,
"Cooper Kupp","WR","LAR",2557898,1993-06-15,7.025,7.025,7.025,,43,0.14125,0,0,26,5,3.88685619707951
"Cooper Rush","QB","DAL",2559242,1993-11-21,0,0,0,,29,0,0,0,,,
"Cordarrelle Patterson","WR","OAK",2540145,1991-03-17,0,0,0,,123,0,0,4,62.5,13.1,8.01717818566607
"Corey Brown","WR","FA",2550546,1991-12-16,0,0,0,,123,0,0,3,,,
"Corey Clement","RB","PHI",2559150,1994-11-02,0,0,0,,76,0,0,0,55.9,5.3,4.47637248246369
"Corey Coleman","WR","CLE",2555333,1994-07-06,0,0,0,,123,0,0,1,44.6,6,4.39677249196674
"Corey Davis","WR","TEN",2557848,1995-01-11,8.3775,8.3775,8.3775,,27,0.11875,0,0,50.9,5.8,4.29478923298929
"Corey Fuller","WR","NO",2540261,1990-06-23,0,0,0,,123,0,0,4,,,
"Corey Grant","RB","JAC",2553650,1991-12-19,0.6175,0.6175,0.6175,,71,0.315,0,2,80.4,7.8,5.77716351518714
"Cory Harkey","TE","FA",2533353,1990-06-17,0,0,0,,56,0,0,5,,,
"Cowboys","DST","DAL",100008,,6.3,6.3,6.3,,16,0.2,0,47,12.1,3.5,4.86905668949894
"Crockett Gillmore","TE","FA",2543794,1991-11-16,0,0,0,,56,0,0,3,,,
"Curtis Samuel","WR","CAR",2558066,1996-08-11,6.42,6.42,6.42,,47,0.066250000000001,0,0,,,
"D.J. Foster","RB","ARI",2556528,1993-11-22,0,0,0,,76,0,0,1,58.7,6.1,4.89262561293519
"D.J. Tialavea","TE","FA",2550406,1991-07-27,0,0,0,,56,0,0,2017,,,
"Dak Prescott","QB","DAL",2555260,1993-07-29,17.97,17.97,17.97,,2,0.890000000000001,1,1,11,3.2,6.01538261995335
"Dalvin Cook","RB","MIN",2557991,1995-08-10,0,0,0,,76,0,0,0,,,
"Damien Williams","RB","MIA",2550512,1992-04-03,7.325,7.325,7.325,,30,0.0587500000000007,0,3,70.3,9.3,6.55763813482121
"Damiere Byrd","WR","CAR",2553499,1993-01-27,0,0,0,,123,0,0,2,126.2,11.8,7.35428700231267
"Dan Bailey","K","DAL",2495259,1988-01-26,0,0,0,,29,0,0,6,10.1,4.4,5.44305614115684
"Dan Carpenter","K","FA",2507401,1985-11-25,0,0,0,,29,0,0,9,,,
"Dan Orlovsky","QB","FA",2506481,1983-08-18,0,0,0,,29,0,0,12,,,
"Daniel Braverman","WR","FA",2556144,1993-09-28,0,0,0,,123,0,0,1,,,
"Daniel Brown","TE","CHI",2553900,1992-05-26,0,0,0,,56,0,0,2,51.8,5.6,4.81950715608446
"Daniel Lasco","RB","NO",2555219,1992-10-09,0,0,0,,76,0,0,1,,,
"Danny Amendola","WR","NE",2649,1985-11-02,7.9625,7.9625,7.9625,,32,0.0787499999999994,0,9,48.5,6.1,4.44776412145546
"Danny Woodhead","RB","BAL",4327,1985-01-25,0,0,0,,76,0,0,9,46.7,4.1,3.85199278675643
"Dare Ogunbowale","RB","FA",2559362,,0,0,0,,76,,0,0,,,
"Darius Jackson","RB","CLE",2556273,1993-12-01,0,0,0,,76,0,0,1,,,
"Darrel Young","RB","FA",2507737,1987-04-08,0,0,0,,76,0,0,8,,,
"Darrell Daniels","TE","IND",2558886,1994-11-22,0,0,0,,56,0,0,1,,,
"Darren Fells","TE","DET",2540928,1986-04-22,5.4625,5.4625,5.4625,,19,0.0187500000000007,0,5,43.2,4.2,4.157889854413
"Darren McFadden","RB","FA",284,1987-08-27,3.4575,3.4575,3.4575,,57,0.815,0,9,,,
"Darren Sproles","RB","PHI",2506467,1983-06-20,0,0,0,,76,0,0,12,,,
"Darren Waller","TE","BAL",2552408,1992-09-13,0,0,0,,56,0,0,2,,,
"Darreus Rogers","WR","FA",2559238,1993-09-03,0,0,0,,123,0,0,0,,,
"Darrius Heyward-Bey","WR","PIT",80427,1987-02-26,0.11,0.11,0.11,,120,0.0225,0,8,125.8,14.5,8.73106099850819
"Daryl Richardson","RB","FA",2534789,1990-04-12,0,0,0,,76,0,0,5,,,
"Davante Adams","WR","GB",2543495,1992-12-24,7.65,7.65,7.65,,38,0.0687500000000005,0,3,16.8,4.1,3.42793153168101
"David Cobb","RB","FA",2552376,1993-06-03,0,0,0,,76,0,0,2,,,
"David Fales","QB","MIA",2543751,1990-10-04,0,0,0,,29,0,0,3,,,
"David Fluellen","RB","TEN",2550289,1992-01-29,0,0,0,,76,0,0,3,,,
"David Johnson","RB","ARI",2553435,1991-12-16,0,0,0,,76,0,0,2,,,
"David Johnson","TE","FA",79589,1987-08-26,0,0,0,,56,0,0,8,,,
"David Morgan","TE","MIN",2555306,1993-05-19,0.1,0.1,0.1,,54,0.05625,0,1,68.4,7.6,5.76467472990084
"David Njoku","TE","CLE",2557986,1996-07-10,5.4375,5.4375,5.4375,,21,0.262499999999999,0,0,18.8,2.7,3.44901417405072
"Davis Webb","QB","NYG",2557897,1995-01-22,0,0,0,,29,0,0,0,,,
"DeAndre Carter","WR","FA",2553502,1993-04-10,0,0,0,,123,0,0,2,,,
"DeAndre Hopkins","WR","HOU",2540165,1992-06-06,10.8375,10.8375,10.8375,,9,0.5875,0,4,2.7,1.3,2.00016590599676
"DeAndre Washington","RB","OAK",2555464,1993-02-22,0,0,0,,76,0,0,1,64.4,5.6,4.6324674063905
"DeAngelo Henderson","RB","DEN",2557850,1992-11-24,0,0,0,,76,0,0,0,,,
"DeAngelo Williams","RB","FA",2495979,1983-04-25,0,0,0,,76,0,0,11,,,
"DeAnthony Thomas","WR","KC",2543638,1993-01-05,0,0,0,,123,0,0,3,121.1,9.5,6.18147952407204
"DeMarco Murray","RB","TEN",2495207,1988-02-12,8.9375,8.9375,8.9375,,16,0.0399999999999991,0,6,26.1,3.3,3.43573965628493
"DeSean Jackson","WR","TB",1581,1986-12-01,8.9925,8.9925,8.9925,,20,0.1425,0,9,34.8,3.6,3.17297338423739
"DeShone Kizer","QB","CLE",2557983,1996-01-03,8.38,8.38,8.38,,25,0.0299999999999994,0,0,21.1,3.4,6.41449255149571
"DeVante Parker","WR","MIA",2552409,1993-01-20,9.05,9.05,9.05,,18,0.0287500000000005,0,2,46.1,6.1,4.44776412145546
"DeVeon Smith","RB","MIA",2558998,1994-11-08,0,0,0,,76,0,0,0,89.1,10.6,7.2340494718374
"Deante Burton","WR","FA",2559109,1994-07-12,0,0,0,,123,0,0,0,,,
"Dede Westbrook","WR","JAC",2557895,1993-11-21,0,0,0,,123,0,0,0,43.9,5.5,4.14181434452313
"Delanie Walker","TE","TEN",2495966,1984-08-12,8.1875,8.1875,8.1875,,6,0.225,0,11,4.4,1.6,2.92917200845171
"Demarcus Ayers","WR","FA",2555465,1994-07-07,0,0,0,,123,0,0,1,,,
"Demarcus Robinson","WR","KC",2555478,1994-09-21,0,0,0,,123,0,0,1,92.8,6.1,4.44776412145546
"Demaryius Thomas","WR","DEN",497328,1987-12-25,9.5125,9.5125,9.5125,,15,0.13125,0,7,29.2,3.8,3.27495664321484
"Demetrius Harris","TE","KC",2541187,1991-07-29,0,0,0,,56,0,0,4,50.4,4.6,4.34692336917628
"Denard Robinson","RB","FA",2539260,1990-09-22,0,0,0,,76,0,0,4,,,
"Dennis Pitta","TE","FA",497254,1985-06-29,0,0,0,,56,0,0,7,,,
"Deonte Thompson","WR","BUF",2534436,1989-02-14,6.3575,6.3575,6.3575,,48,0.11375,0,5,75.1,9,5.92652137662843
"Derek Anderson","QB","CAR",2506546,1983-06-15,0,0,0,,29,0,0,12,,,
"Derek Carr","QB","OAK",2543499,1991-03-28,0,0,0,,29,0,0,3,14.7,3.5,6.61404751726689
"Derek Carrier","TE","LAR",2534241,1990-07-25,0,0,0,,56,0,0,5,75,6,5.00854067084774
"Derek Watt","RB","LAC",2555220,1992-11-07,0,0,0,,76,0,0,1,92.1,6.4,5.04872053686201
"Derel Walker","WR","FA",2550509,1991-06-29,0,0,0,,123,0,0,3,,,
"Derrick Coleman","RB","ATL",2534871,1990-10-18,0,0,0,,76,0,0,5,,,
"Derrick Henry","RB","TEN",2556075,1994-07-17,7.3975,7.3975,7.3975,,28,0.0637499999999998,0,1,27.8,3.6,3.59183458021174
"Deshaun Watson","QB","HOU",2558063,1995-09-14,0,0,0,,29,0,0,0,,,
"Devante Mays","RB","GB",2558837,1994-05-26,0,0,0,,76,0,0,0,,,
"Devin Fuller","WR","ATL",2556212,1994-01-29,0,0,0,,123,0,0,1,,,
"Devin Funchess","WR","CAR",2552458,1994-05-21,9.05,9.05,9.05,,18,0.0975000000000001,0,2,24.5,5.9,4.34578086247802
"Devin Smith","WR","FA",2553434,1992-03-03,0,0,0,,123,0,0,2,,,
"Devin Street","WR","FA",2543641,1991-03-30,0,0,0,,123,0,0,3,,,
"Devine Redding","RB","FA",2559103,1996-02-05,0,0,0,,76,0,0,0,,,
"Devon Johnson","RB","FA",2556854,1993-07-28,0,0,0,,76,0,0,1,,,
"Devonta Freeman","RB","ATL",2543583,1992-03-15,11.6625,11.6625,11.6625,,10,0.847500000000002,0,3,10.5,3.1,3.33167637366705
"Devontae Booker","RB","DEN",2555223,1992-05-27,5.1775,5.1775,5.1775,,47,0.17625,0,1,46,4.9,4.26824591722794
"Dexter McCluster","RB","FA",497190,1988-08-25,0,0,0,,76,0,0,7,,,
"Dez Bryant","WR","DAL",497278,1988-11-04,10.6125,10.6125,10.6125,,10,0.774999999999999,0,7,15.6,4.2,3.47892316116973
"Dezmin Lewis","WR","FA",2552411,1992-12-05,0,0,0,,123,0,0,2,,,
"Dion Lewis","RB","NE",2495469,1990-09-27,7.675,7.675,7.675,,24,0.0862500000000006,0,6,15.7,2.6,3.07151816712236
"Dion Sims","TE","CHI",2540200,1991-02-18,0,0,0,,56,0,0,4,42.3,5.8,4.9140239134661
"Dolphins","DST","MIA",100019,,4.85,4.85,4.85,,26,0.499999999999999,0,47,31.8,1,0.217123290119154
"Dom Williams","WR","PHI",2556827,1990-09-02,0,0,0,,123,0,0,1,,,
"Don Jackson","RB","FA",2556563,1993-09-07,0,0,0,,76,0,0,1,,,
"Donnel Pumphrey","RB","PHI",2558850,1994-12-06,0,0,0,,76,0,0,0,,,
"Donte Moncrief","WR","IND",2543614,1993-08-06,6.0375,6.0375,6.0375,,52,0.0250000000000004,0,3,77,7.4,5.11065530480886
"Donteea Dye","WR","FA",2553876,1993-08-20,0,0,0,,123,0,0,2,,,
"Dontrelle Inman","WR","CHI",2530700,1989-01-31,3.425,3.425,3.425,,86,0.0625000000000004,0,4,48.6,5.4,4.0908227150344
"Dorial Green-Beckham","WR","FA",2552491,1993-04-12,0,0,0,,123,0,0,2,,,
"Doug Baldwin","WR","SEA",2530747,1988-09-21,12.5,12.5,12.5,,4,0.609999999999998,0,6,22.6,3.8,3.27495664321484
"Doug Martin","RB","TB",2532899,1989-01-13,6.3775,6.3775,6.3775,,41,0.32125,0,5,48.3,11.7,7.80639752623572
"Dreamius Smith","RB","FA",2553848,1992-09-08,0,0,0,,76,0,0,2,,,
"Drew Brees","QB","NO",2504775,1979-01-15,16.8,16.8,16.8,,5,0.754999999999999,0,16,6.4,3.5,6.61404751726689
"Drew Morgan","WR","FA",2558977,1994-12-02,0,0,0,,123,0,0,0,,,
"Drew Stanton","QB","ARI",2495748,1984-05-07,9.35,9.35,9.35,,21,0.275,0,10,,,
"DuJuan Harris","RB","FA",2530690,1988-09-03,0,0,0,,76,0,0,6,,,
"Duke Johnson","RB","CLE",2552461,1993-09-23,7.535,7.535,7.535,,26,0.137499999999999,0,2,35,3.1,3.33167637366705
"Dustin Hopkins","K","WAS",2539227,1990-10-01,0,0,0,,29,0,0,4,,,
"Dwayne Allen","TE","NE",2533046,1990-02-24,2.125,2.125,2.125,,43,0.38125,0,5,26.4,4.6,4.34692336917628
"Dwayne Harris","WR","NYG",2495159,1987-09-16,0,0,0,,123,0,0,6,,,
"Dwayne Washington","RB","DET",2556118,1994-04-24,2.14,2.14,2.14,,63,0.185,0,1,90.3,15,9.52344168943067
"E.J. Manuel","QB","OAK",2539228,1990-03-19,0,0,0,,29,0,0,4,,,
"Ed Dickson","TE","CAR",497224,1987-07-25,5.875,5.875,5.875,,16,0.13125,0,7,35,5.5,4.77224877739364
"Eddie Lacy","RB","SEA",2540168,1990-06-02,0,0,0,,76,0,0,4,73.7,5.4,4.52840412377263
"Eddie Royal","WR","FA",1990,1986-05-21,0,0,0,,123,0,0,9,,,
"Eli Manning","QB","NYG",2505996,1981-01-03,11.84,11.84,11.84,,17,0.789999999999997,0,13,26.1,2.9,5.41671772263981
"Eli Rogers","WR","PIT",2553737,1992-12-23,2.7075,2.7075,2.7075,,98,0.35125,0,2,82.1,9.6,6.23247115356077
"Elijah McGuire","RB","NYJ",2557934,1994-06-01,7.02,7.02,7.02,,34,0.127500000000001,0,0,62.5,4.5,4.06011935199218
"Elijhaa Penny","RB","ARI",2556762,1993-08-17,0,0,0,,76,0,0,1,84.4,9.5,6.66170141743908
"Emmanuel Sanders","WR","DEN",497322,1987-03-17,8.5775,8.5775,8.5775,,23,0.103750000000002,0,7,37.5,4.4,3.58090642014717
"Eric Decker","WR","TEN",497284,1987-03-15,6.025,6.025,6.025,,54,0.0312499999999991,0,7,73.2,6,4.39677249196674
"Eric Ebron","TE","DET",2543466,1993-04-10,4.7,4.7,4.7,,24,0.2375,0,3,21.6,2.5,3.35449741666908
"Eric Rogers","WR","FA",2541883,1991-02-12,0,0,0,,123,0,0,4,,,
"Eric Saubert","TE","ATL",2558023,1994-05-01,0.0875,0.0875,0.0875,,55,0.0875,0,0,,,
"Eric Tomlinson","TE","NYJ",2553744,1992-04-22,0,0,0,,56,0,0,2,50.5,4.6,4.34692336917628
"Eric Weems","WR","TEN",2507029,1985-07-04,0,0,0,,123,0,0,10,,,
"Erik Swoope","TE","IND",2550405,1992-05-08,0,0,0,,56,0,0,3,,,
"Evan Engram","TE","NYG",2557858,1994-09-02,9.7375,9.7375,9.7375,,2,0.5,1,0,3.8,1.4,2.83465525107008
"Ezekiel Elliott","RB","DAL",2555224,1995-07-22,0,0,0,,76,0,0,1,,,
"Falcons","DST","ATL",100001,,5,5,5,,24,0.0999999999999996,0,47,29.2,2.5,3.00828332974703
"Fitzgerald Toussaint","RB","PIT",2550738,1990-05-04,0,0,0,,76,0,0,3,,,
"Fozzy Whittaker","RB","CAR",2540037,1989-02-22,0,0,0,,76,0,0,5,100.7,21.5,12.9054983745116
"Frank Gore","RB","IND",2506404,1983-05-14,6.86,6.86,6.86,,36,0.101249999999999,0,12,25,4.6,4.11215099330112
"Fred Ross","WR","CAR",2558993,1995-05-19,0,0,0,,123,0,0,0,,,
"Freddie Martino","WR","TB",2550223,1991-09-07,0,0,0,,123,0,0,3,,,
"Gabe Holmes","TE","FA",2553658,1991-03-29,0,0,0,,56,0,0,2,,,
"Gabe Marks","WR","FA",2559085,,0,0,0,,123,0,0,0,,,
"Garrett Celek","TE","SF",2534820,1988-05-29,3.9375,3.9375,3.9375,,28,0.0999999999999996,0,5,31.3,4.9,4.48869850524873
"Garrett Gilbert","QB","CAR",2549982,1991-07-01,0,0,0,,29,0,0,3,,,
"Garrett Graham","TE","FA",497234,1986-08-04,0,0,0,,56,0,0,7,,,
"Garrett Griffin","TE","NO",2557033,1994-03-04,0,0,0,,56,0,0,1,,,
"Gary Barnidge","TE","FA",1060,1985-09-22,0,0,0,,56,0,0,9,,,
"Gavin Escobar","TE","BAL",2540211,1991-02-03,0,0,0,,56,0,0,4,,,
"Gehrig Dieter","WR","FA",2559066,1993-02-24,0,0,0,,123,0,0,0,,,
"Geno Smith","QB","NYG",2539335,1990-10-10,0,0,0,,29,0,0,4,33.7,0.9,1.42561840721623
"Geoff Swaim","TE","DAL",2553454,1993-09-16,0,0,0,,56,0,0,2,61.4,20.8,12.0027807170889
"George Atkinson","RB","FA",2550540,1992-11-29,0,0,0,,76,0,0,3,,,
"George Farmer","RB","FA",2553767,1993-07-04,0,0,0,,76,0,0,2,,,
"George Kittle","TE","SF",2558266,1993-10-09,0,0,0,,56,0,0,0,27.1,4.3,4.20514823310382
"Gerald Christian","TE","FA",2552462,1991-08-26,0,0,0,,56,0,0,2,,,
"Gerald Everett","TE","LAR",2557889,1994-06-25,3.1625,3.1625,3.1625,,34,0.58125,0,0,33.8,4.6,4.34692336917628
"Geremy Davis","WR","LAC",2552654,1992-01-10,0,0,0,,123,0,0,2,,,
"Geronimo Allison","WR","GB",2556460,1994-01-18,2.75,2.75,2.75,,97,0.17125,0,1,128.5,12.3,7.60924514975629
"Giants","DST","NYG",100023,,8.85,8.85,8.85,,10,1.8625,0,47,25.4,4.5,6.72983004925085
"Giorgio Tavecchio","K","OAK",2535686,1990-07-16,0,0,0,,29,0,0,5,20.5,6.2,8.10139298809787
"Giovani Bernard","RB","CIN",2540156,1991-11-22,2.3,2.3,2.3,,62,0.21125,0,4,24.7,9,6.40154321089439
"Glenn Gronkowski","RB","FA",2556544,1993-03-25,0,0,0,,76,0,0,1,,,
"Golden Tate","WR","DET",497326,1988-08-02,11.1275,11.1275,11.1275,,7,0.25,0,7,17.5,3.1,2.91801523679378
"Graham Gano","K","CAR",71309,1987-04-09,9,9,9,,4,0.149999999999999,0,8,18.6,3.7,4.40925847845755
"Greg Olsen","TE","CAR",2495700,1985-03-11,0,0,0,,56,0,0,10,18.9,4,4.06337309703136
"Greg Zuerlein","K","LAR",2534797,1987-12-27,9.9,9.9,9.9,,1,0.450000000000001,1,5,3.2,1.8,1.60323625113091
"Griff Whalen","WR","FA",2535876,1990-03-01,0,0,0,,123,0,0,5,,,
"Harrison Butker","K","KC",2558245,1995-07-14,0,0,0,,29,0,0,0,5.2,2.3,2.34166315305897
"Harry Douglas","WR","TEN",222,1984-09-16,0,0,0,,123,0,0,9,,,
"Henry Krieger-Coble","TE","IND",2556580,1992-06-12,0,0,0,,56,0,0,1,,,
"Hunter Henry","TE","LAC",2555341,1994-12-07,7.125,7.125,7.125,,13,1.10625,0,1,5.8,1.8,3.02368876583335
"Hunter Sharp","WR","DEN",2556773,1994-04-25,0,0,0,,123,0,0,1,,,
"ITavius Mathers","RB","JAC",2559210,1993-11-19,0,0,0,,76,0,0,0,,,
"Ifeanyi Momah","TE","ARI",2541096,1989-10-23,0,0,0,,56,0,0,4,,,
"Isaiah Burse","WR","LAC",2550182,1991-12-08,0,0,0,,123,0,0,3,,,
"Isaiah Crowell","RB","CLE",2550189,1993-01-08,7.2975,7.2975,7.2975,,31,0.0800000000000001,0,3,30.2,3.9,3.74792950413856
"Isaiah Ford","WR","MIA",2558071,1996-02-09,0,0,0,,123,0,0,0,,,
"Isaiah McKenzie","WR","DEN",2558129,1995-04-09,0.735,0.735,0.735,,111,0.1225,0,0,,,
"Ishmael Zamora","WR","FA",2559014,1995-11-26,0,0,0,,123,0,0,0,,,
"J.D. McKissic","RB","SEA",2556440,1993-10-15,4.01,4.01,4.01,,53,0.38625,0,1,55.8,6.6,5.15278381947988
"J.J. Nelson","WR","ARI",2552656,1992-04-24,5.8125,5.8125,5.8125,,61,0.0812499999999989,0,2,66.6,6.8,4.80470552787652
"Jace Amaro","TE","FA",2543481,1992-06-26,0,0,0,,56,0,0,3,,,
"Jace Billingsley","WR","DET",2556473,1993-05-17,0,0,0,,123,0,0,1,,,
"Jack Doyle","TE","IND",2540232,1990-05-05,8.9,8.9,8.9,,5,0.800000000000001,0,4,7.7,2,3.11820552321499
"Jacob Hollister","TE","NE",2558956,1993-11-18,0.825,0.825,0.825,,49,0.10625,0,0,36.5,5.7,4.86676553477528
"Jacob Tamme","TE","FA",324,1985-03-15,0,0,0,,56,0,0,9,,,
"Jacoby Brissett","QB","IND",2555261,1992-12-11,12.04,12.04,12.04,,16,0.4,0,1,27.1,3.1,5.81582765418217
"Jacquizz Rodgers","RB","TB",2495471,1990-02-06,1.0625,1.0625,1.0625,,70,0.555,0,6,59.8,8.4,6.08935336304077
"Jaguars","DST","JAC",100015,,12.1,12.1,12.1,,3,0.424999999999999,0,47,2.6,1.8,1.70574197792069
"Jahad Thomas","RB","FA",2559266,1995-11-06,0,0,0,,76,0,0,0,,,
"Jake Butt","TE","DEN",2557859,1995-07-11,0,0,0,,56,0,0,0,,,
"Jake Elliott","K","PHI",2558172,1995-01-21,0,0,0,,29,0,0,0,9.1,3.8,4.55694385884316
"Jake Rudock","QB","DET",2556232,1993-01-21,0,0,0,,29,0,0,1,34.8,0.4,0.427843578360338
"Jakeem Grant","WR","MIA",2556190,1992-10-30,0.625,0.625,0.625,,112,0.0249999999999999,0,1,,,
"Jalen Richard","RB","OAK",2556885,1993-10-15,0,0,0,,76,0,0,1,63.4,4.9,4.26824591722794
"Jalston Fowler","RB","TEN",2552464,1990-07-26,0,0,0,,76,0,0,2,,,
"Jamaal Charles","RB","DEN",925,1986-12-27,5.775,5.775,5.775,,44,0.18125,0,9,69.9,5.4,4.52840412377263
"Jamaal Jones","WR","FA",2556856,1993-01-31,0,0,0,,123,0,0,0,,,
"Jamaal Williams","RB","GB",2558204,1995-04-03,1.865,1.865,1.865,,66,0.2475,0,0,16,3.7,3.64386622152068
"Jameis Winston","QB","TB",2552033,1994-01-06,0,0,0,,29,0,0,2,11.8,3.1,5.81582765418217
"James Conner","RB","PIT",2557978,1995-05-05,2.0375,2.0375,2.0375,,64,0.16875,0,0,76.1,4.2,3.90402442806537
"James Develin","RB","NE",2508101,1988-07-23,0,0,0,,76,0,0,7,86,9,6.40154321089439
"James Hanna","TE","DAL",2533028,1989-07-14,0,0,0,,56,0,0,5,70.8,5.1,4.58321526263037
"James Starks","RB","FA",497206,1986-02-25,0,0,0,,76,0,0,7,,,
"James White","RB","NE",2543773,1992-02-03,9.23,9.23,9.23,,15,0.297499999999999,0,3,53.2,5.1,4.37230919984581
"James Wright","WR","FA",2550162,1991-12-31,0,0,0,,123,0,0,3,,,
"Jamison Crowder","WR","WAS",2552415,1993-06-17,8.255,8.255,8.255,,29,0.151250000000001,0,2,22.2,4.1,3.42793153168101
"Jamize Olawale","RB","OAK",2536044,1989-04-17,0,0,0,,76,0,0,5,82.1,3.9,3.74792950413856
"Jared Abbrederis","WR","FA",2543774,1990-12-17,0,0,0,,123,0,0,3,,,
"Jared Cook","TE","OAK",71265,1987-04-07,0,0,0,,56,0,0,8,11.4,2.6,3.4017557953599
"Jared Goff","QB","LAR",2555334,1994-10-14,16.01,16.01,16.01,,7,0.0950000000000006,0,1,8.2,2.6,4.81805282532628
"Jarius Wright","WR","MIN",2532978,1989-11-25,2.2625,2.2625,2.2625,,100,0.23125,0,5,94.5,8.9,5.8755297471397
"Jaron Brown","WR","ARI",2541966,1990-01-08,4.2375,4.2375,4.2375,,79,0.106250000000001,0,4,75.7,8,5.4166050817412
"Jarvis Landry","WR","MIA",2543488,1992-11-28,9.3625,9.3625,9.3625,,17,0.312499999999998,0,3,21.3,3.7,3.22396501372611
"Jason Myers","K","FA",2553112,1991-05-12,0,0,0,,29,0,0,3,,,
"Jason Witten","TE","DAL",2505629,1982-05-06,7.2125,7.2125,7.2125,,11,0.0750000000000002,0,14,9,2.3,3.25998065928744
"Javontee Herndon","WR","FA",2550459,1991-06-29,0,0,0,,123,0,0,3,,,
"Javorius Allen","RB","BAL",2552631,1991-08-27,0,0,0,,76,0,0,2,65.2,4.9,4.26824591722794
"Jay Ajayi","RB","PHI",2552582,1993-06-15,0,0,0,,76,0,0,2,33,5,4.32027755853687
"Jay Cutler","QB","MIA",2495824,1983-04-29,9.76,9.76,9.76,,20,0.415000000000001,0,11,28.1,2.1,3.82027799647038
"Jay Prosch","RB","HOU",2543695,1992-08-21,0,0,0,,76,0,0,3,,,
"Jeff Cumberland","TE","LAC",2507883,1987-05-02,0,0,0,,56,0,0,7,,,
"Jeff Driskel","QB","CIN",2555262,1993-04-23,0,0,0,,29,0,0,1,,,
"Jeff Heuerman","TE","DEN",2552399,1992-11-24,0.675,0.675,0.675,,51,0.375,0,2,61.7,21.3,12.239072610543
"Jeff Janis","WR","GB",2543750,1991-06-09,0.16,0.16,0.16,,119,0.06125,0,3,111.5,0.5,1.59223287008698
"Jehu Chesson","WR","KC",2557866,1993-12-29,0,0,0,,123,0,0,0,,,
"Jerell Adams","TE","NYG",2555311,1992-12-31,1.125,1.125,1.125,,47,0.1625,0,1,65,8,5.95370824466411
"Jeremy Hill","RB","CIN",2543603,1992-10-20,0,0,0,,76,0,0,3,,,
"Jeremy Kerley","WR","NYJ",2495189,1988-11-30,0,0,0,,123,0,0,6,,,
"Jeremy Langford","RB","BAL",2552379,1991-12-06,0,0,0,,76,0,0,2,,,
"Jeremy Maclin","WR","BAL",80429,1988-05-11,0,0,0,,123,0,0,8,46.5,3.7,3.22396501372611
"Jeremy McNichols","RB","SF",2557977,1995-12-26,0,0,0,,76,0,0,0,,,
"Jeremy Ross","WR","FA",2530598,1988-03-06,0,0,0,,123,0,0,6,,,
"Jeremy Sprinkle","TE","WAS",2557886,1994-08-10,0.7625,0.7625,0.7625,,50,0.26875,0,0,82.3,11.5,7.60775149884277
"Jerick McKinnon","RB","MIN",2543715,1992-05-03,10.035,10.035,10.035,,13,0.40625,0,3,28.8,3.9,3.74792950413856
"Jermaine Gresham","TE","ARI",497238,1988-06-16,3.8375,3.8375,3.8375,,29,0.225,0,7,37.6,5.5,4.77224877739364
"Jermaine Kearse","WR","NYJ",2532887,1990-02-06,8.4,8.4,8.4,,26,0.0799999999999983,0,5,37.6,5,3.88685619707951
"Jerome Felton","RB","FA",230,1986-07-03,0,0,0,,76,0,0,9,,,
"Jerome Lane","WR","FA",2558893,1996-03-09,0,0,0,,123,0,0,0,,,
"Jesse James","TE","PIT",2552633,1994-06-04,5.7375,5.7375,5.7375,,18,0.281249999999999,0,2,28.3,3.6,3.87433958226809
"Jets","DST","NYJ",100024,,6.55,6.55,6.55,,14,0.175000000000001,0,47,11.6,3.9,5.61336603339971
"Jhurell Pressley","RB","FA",2556656,1992-05-20,0,0,0,,76,0,0,1,,,
"Jim Dray","TE","FA",497226,1986-12-31,0,0,0,,56,0,0,7,,,
"Jimmy Garoppolo","QB","SF",2543801,1991-11-02,0,0,0,,29,0,0,3,17.7,2.6,4.81805282532628
"Jimmy Graham","TE","SEA",497236,1986-11-24,9.2,9.2,9.2,,4,0.656250000000002,0,7,3.2,1.8,3.02368876583335
"Joe Banyard","RB","BUF",2535696,1988-11-22,0,0,0,,76,0,0,5,,,
"Joe Callahan","QB","GB",2556492,1993-06-04,0,0,0,,29,0,0,1,,,
"Joe Flacco","QB","BAL",382,1985-01-16,0,0,0,,29,0,0,9,31.1,1.6,2.82250316761449
"Joe Kerridge","RB","GB",2556415,1992-09-17,0,0,0,,76,0,0,1,,,
"Joe Mixon","RB","CIN",2557976,1996-07-24,8.8675,8.8675,8.8675,,18,0.719999999999999,0,0,38.7,13.9,8.95109363503236
"Joe Webb","QB","BUF",1037347,1986-11-14,0,0,0,,29,0,0,7,,,
"Joe Williams","RB","SF",2557936,1993-09-04,0,0,0,,76,0,0,0,,,
"John Brown","WR","ARI",2543847,1990-04-03,5.5375,5.5375,5.5375,,66,0.225000000000001,0,3,82.2,13,7.96618655617734
"John Kuhn","RB","FA",2506147,1982-09-09,0,0,0,,76,0,0,11,,,
"John Phillips","TE","NO",71435,1987-06-11,0,0,0,,56,0,0,8,,,
"John Ross","WR","CIN",2558010,1995-11-27,2.855,2.855,2.855,,96,0.12625,0,0,,,
"Johnny Holton","WR","OAK",2556805,1991-08-22,0,0,0,,123,0,0,1,84,11.6,7.25230374333522
"Johnny Manziel","QB","FA",2543462,1992-12-06,0,0,0,,29,0,0,3,,,
"Joique Bell","RB","FA",497145,1986-08-04,0,0,0,,76,0,0,7,,,
"Jonathan Grimes","RB","FA",2534770,1989-12-21,0,0,0,,76,0,0,5,,,
"Jonathan Stewart","RB","CAR",949,1987-03-21,4.9175,4.9175,4.9175,,49,0.1725,0,9,43,3.7,3.64386622152068
"Jonathan Williams","RB","NO",2555227,1994-02-02,0,0,0,,76,0,0,1,94.8,10.6,7.2340494718374
"Jonnu Smith","TE","TEN",2558207,1995-08-22,2.1625,2.1625,2.1625,,41,0.0249999999999999,0,0,48,2.9,3.54353093143236
"Jordan Gay","K","FA",2542060,1990-03-29,0,0,0,,29,0,0,2017,,,
"Jordan Howard","RB","CHI",2555418,1994-11-02,12.5025,12.5025,12.5025,,7,0.288749999999999,0,1,17.7,3.3,3.43573965628493
"Jordan Leggett","TE","NYJ",2557885,1995-01-31,0,0,0,,56,0,0,0,,,
"Jordan Matthews","WR","BUF",2543500,1992-07-16,5.9875,5.9875,5.9875,,56,0.11875,0,3,,,
"Jordan Norwood","WR","FA",71417,1986-09-28,0,0,0,,123,0,0,8,,,
"Jordan Payton","WR","FA",2555370,1993-09-01,0,0,0,,123,0,0,1,,,
"Jordan Reed","TE","WAS",2540160,1990-07-03,0,0,0,,56,0,0,4,,,
"Jordan Taylor","WR","DEN",2553606,1992-02-18,0,0,0,,123,0,0,2,,,
"Jordan Todman","RB","HOU",2495472,1990-02-24,0,0,0,,76,0,0,6,92,20.2,12.2290870374954
"Jordan Westerkamp","WR","FA",2558057,1994-06-23,0,0,0,,123,0,0,0,,,
"Jordy Nelson","WR","GB",1032,1985-05-31,7.8,7.8,7.8,,36,0.1375,0,9,50.8,5.9,4.34578086247802
"Josh Bellamy","WR","CHI",2535964,1989-05-18,3.0875,3.0875,3.0875,,90,0.0562499999999999,0,5,98.7,7.5,5.16164693429758
"Josh Doctson","WR","WAS",2555343,1992-12-03,7.65,7.65,7.65,,39,0.1925,0,1,42.5,4.7,3.73388130861334
"Josh Ferguson","RB","IND",2556411,1993-05-23,0,0,0,,76,0,0,1,96.5,9.8,6.8177963413659
"Josh Gordon","WR","CLE",2537931,1991-04-13,0,0,0,,123,0,0,5,17.5,5.1,3.93784782656823
"Josh Hill","TE","NO",2541834,1990-05-21,3.975,3.975,3.975,,27,0.0874999999999999,0,4,34.9,6,5.00854067084774
"Josh Huff","WR","FA",2543746,1991-10-14,0,0,0,,123,0,0,3,,,
"Josh Johnson","QB","HOU",264,1986-05-15,0,0,0,,29,0,0,9,,,
"Josh Lambo","K","JAC",2553833,1990-11-19,8.4,8.4,8.4,,9,0.0500000000000007,0,2,18.3,3.9,4.70462923922877
"Josh Malone","WR","CIN",2558127,1996-03-21,2.45,2.45,2.45,,99,0.1875,0,0,111.1,4.9,3.83586456759079
"Josh McCown","QB","NYJ",2505076,1979-07-04,15.25,15.25,15.25,,12,0.699999999999999,0,15,16.9,3.8,7.21271241458043
"Josh Reynolds","WR","LAR",2558194,1995-02-16,0.4875,0.4875,0.4875,,116,0.03125,0,0,65.5,7.2,5.00867204583142
"Joshua Dobbs","QB","PIT",2558167,1995-01-26,0,0,0,,29,0,0,0,,,
"Joshua Perkins","TE","FA",2556444,1993-08-05,0,0,0,,56,0,0,1,,,
"JuJu Smith-Schuster","WR","PIT",2558149,1996-11-22,8.9125,8.9125,8.9125,,21,0.229999999999999,0,0,,,
"Julian Edelman","WR","NE",238498,1986-05-22,0,0,0,,123,0,0,8,,,
"Julio Jones","WR","ATL",2495454,1989-02-03,15.2,15.2,15.2,,2,1.725,1,6,6.2,2.9,2.81603197781633
"Julius Thomas","TE","MIA",2495353,1988-06-27,5.9125,5.9125,5.9125,,15,0.0999999999999996,0,6,19.6,2.6,3.4017557953599
"Justin Davis","RB","LAR",2559163,1995-11-11,0,0,0,,76,0,0,0,,,
"Justin Forsett","RB","FA",927,1985-10-14,0,0,0,,76,0,0,9,,,
"Justin Hardy","WR","ATL",2552418,1991-12-18,4.0875,4.0875,4.0875,,82,0.29,0,2,101.8,8.2,5.51858834071864
"Justin Hunter","WR","PIT",2540151,1991-05-20,0,0,0,,123,0,0,4,115.5,8.5,5.67156322918481
"Justin Perillo","TE","FA",2550243,1991-01-05,0,0,0,,56,0,0,3,,,
"Justin Tucker","K","BAL",2536340,1989-11-21,0,0,0,,29,0,0,5,9.2,5.4,6.91990994501296
"Juwan Thompson","RB","FA",2550263,1992-05-13,0,0,0,,76,0,0,3,,,
"KD Cannon","WR","FA",2558927,1995-11-05,0,0,0,,123,0,0,0,,,
"KaDeem Carey","RB","FA",2543551,1992-10-30,0,0,0,,76,0,0,3,,,
"Kaelin Clay","WR","CAR",2552651,1992-01-03,0,0,0,,123,0,0,2,105.7,7.1,4.95768041634269
"Kai Forbath","K","MIN",2495150,1987-09-02,8.4,8.4,8.4,,10,0.149999999999999,0,6,12.6,4.1,5
"Kaimi Fairbairn","K","HOU",2556521,1994-01-29,7.3,7.3,7.3,,19,0.2,0,1,18.1,4.6,5.73842690192806
"Kalif Raymond","WR","NYG",2556661,1994-08-08,0,0,0,,123,0,0,1,,,
"Kamar Aiken","WR","IND",2530660,1989-05-30,0,0,0,,123,0,0,6,115.9,11.1,6.99734559589161
"Kapri Bibbs","RB","FA",2550542,1993-01-10,0,0,0,,76,0,0,3,,,
"Kareem Hunt","RB","KC",2557917,1995-08-06,0,0,0,,76,0,0,0,12.7,4.8,4.216214275919
"Kasen Williams","WR","FA",2554138,1992-05-20,0,0,0,,123,0,0,2,,,
"Keenan Allen","WR","LAC",2540154,1992-04-27,8.7875,8.7875,8.7875,,22,0.248749999999999,0,4,3.3,1.3,2.00016590599676
"Keith Marshall","RB","WAS",2555459,1994-02-16,0,0,0,,76,0,0,1,,,
"Keith Mumphery","WR","FA",2552420,1992-06-05,0,0,0,,123,0,0,2,,,
"Keith Smith","RB","DAL",2550400,1992-04-08,0,0,0,,76,0,0,3,,,
"Keith Wenning","QB","FA",2543784,1991-02-14,0,0,0,,29,0,0,3,,,
"Kellen Clemens","QB","LAC",2506895,1983-06-06,0,0,0,,29,0,0,11,,,
"Kellen Davis","TE","FA",2507486,1985-10-11,0,0,0,,56,0,0,9,,,
"Kellen Moore","QB","FA",2532917,1989-07-12,0,0,0,,29,0,0,5,,,
"Kelvin Benjamin","WR","BUF",2543471,1991-02-05,8.1375,8.1375,8.1375,,30,0.12125,0,3,56.8,12.7,7.81321166771118
"Kelvin Taylor","RB","FA",2555462,1993-09-28,0,0,0,,76,0,0,1,,,
"Kenbrell Thompkins","WR","FA",2539214,1988-07-29,0,0,0,,123,0,0,4,,,
"Kendall Wright","WR","CHI",2532977,1989-11-12,6.045,6.045,6.045,,51,0.00750000000000028,0,5,82.3,7.9,5.36561345225248
"Kendrick Bourne","WR","SF",2558914,1995-08-04,3.325,3.325,3.325,,88,0.13125,0,0,105,7.9,5.36561345225248
"Kenjon Barner","RB","PHI",2539289,1989-04-28,0,0,0,,76,0,0,4,96.8,10.5,7.18201783052846
"Kennard Backman","TE","FA",2553292,1993-02-26,0,0,0,,56,0,0,2,,,
"Kenneth Dixon","RB","BAL",2555229,1994-01-21,0,0,0,,76,0,0,1,,,
"Kenneth Farrow","RB","LAC",2556801,1993-03-07,0,0,0,,76,0,0,1,,,
"Kenny Bell","WR","BAL",2552421,1992-02-25,0,0,0,,123,0,0,2,,,
"Kenny Britt","WR","CLE",71217,1988-09-19,3.9875,3.9875,3.9875,,83,0.415,0,8,96.5,11.9,7.40527863180139
"Kenny Golladay","WR","DET",2558052,1993-01-01,5.25,5.25,5.25,,69,0.0750000000000002,0,0,56.5,5.1,3.93784782656823
"Kenny Lawler","WR","FA",2555471,1994-06-25,0,0,0,,123,0,0,1,,,
"Kenny Stills","WR","MIA",2540202,1992-04-22,5.8375,5.8375,5.8375,,59,0.0600000000000005,0,4,36.8,5.8,4.29478923298929
"Kenyan Drake","RB","MIA",2555230,1994-01-26,7.6425,7.6425,7.6425,,25,0.17625,0,1,11.6,4,3.79996114544749
"Kerwynn Williams","RB","ARI",2539980,1991-06-09,1.8725,1.8725,1.8725,,65,0.1275,0,4,38.3,6.6,5.15278381947988
"Keshawn Martin","WR","FA",2532900,1990-03-15,0,0,0,,123,0,0,5,,,
"Kevin Hogan","QB","CLE",2555263,1992-10-20,0,0,0,,29,0,0,1,,,
"Kevin Norwood","WR","NYG",2543689,1989-09-23,0,0,0,,123,0,0,3,,,
"Kevin White","WR","CHI",2553432,1992-06-25,0,0,0,,123,0,0,2,,,
"Keyarris Garrett","WR","FA",2556851,1992-09-26,0,0,0,,123,0,0,1,,,
"Khalfani Muhammad","RB","TEN",2558861,1994-09-26,0,0,0,,76,0,0,0,,,
"Khari Lee","TE","BUF",2553552,1992-01-16,0,0,0,,56,0,0,2,,,
"Khiry Robinson","RB","FA",2542022,1989-12-28,0,0,0,,76,0,0,4,,,
"Kirk Cousins","QB","WAS",2532820,1988-08-19,15.36,15.36,15.36,,11,0.244999999999999,0,5,13.5,3.4,6.41449255149571
"Knile Davis","RB","FA",2540178,1991-10-05,0,0,0,,76,0,0,4,,,
"Kolby Listenbee","WR","FA",2555350,1994-01-25,0,0,0,,123,0,0,1,,,
"Krishawn Hogan","WR","IND",2559286,1995-05-12,0,0,0,,123,0,0,0,,,
"Kyle Juszczyk","RB","SF",2540230,1991-04-23,0,0,0,,76,0,0,4,76.8,7.1,5.41294202602457
"Kyle Rudolph","TE","MIN",2495438,1989-11-09,7.9125,7.9125,7.9125,,8,0.562500000000001,0,6,9.3,1.8,3.02368876583335
"Kyle Sloter","QB","MIN",2559252,1994-02-07,0,0,0,,29,,0,0,,,
"Ladarius Green","TE","FA",2532853,1990-05-29,0,0,0,,56,0,0,5,,,
"Lamar Miller","RB","HOU",2533034,1991-04-25,10.0275,10.0275,10.0275,,14,0.94375,0,5,8,2.8,3.17558144974024
"Lance Dunbar","RB","LAR",2535708,1990-01-25,5.085,5.085,5.085,,48,0.2375,0,5,81.8,10.1,6.97389126529271
"Lance Kendricks","TE","GB",2495187,1988-01-30,3.8375,3.8375,3.8375,,29,0.525,0,6,40.1,5.1,4.58321526263037
"Lance Lenoir","WR","FA",2559394,1995-02-09,0,0,0,,123,,0,0,,,
"Landry Jones","QB","PIT",2539287,1989-04-04,0,0,0,,29,0,0,4,,,
"Laquon Treadwell","WR","MIN",2555214,1995-06-14,4.85,4.85,4.85,,75,0.156249999999999,0,1,106.1,7.6,5.21263856378631
"Larry Donnell","TE","FA",2537933,1988-11-01,0,0,0,,56,0,0,5,,,
"Larry Fitzgerald","WR","ARI",2506106,1983-08-31,8.2625,8.2625,8.2625,,28,0.0662500000000001,0,13,10.7,2.9,2.81603197781633
"Latavius Murray","RB","MIN",2541161,1990-01-18,7.235,7.235,7.235,,32,0.124999999999998,0,4,22.5,3.1,3.33167637366705
"LeGarrette Blount","RB","PHI",497149,1986-12-05,0,0,0,,76,0,0,7,41.7,4.6,4.11215099330112
"LeSean McCoy","RB","BUF",79607,1988-07-12,16.5275,16.5275,16.5275,,3,1.20125,0,8,4.2,2.1,2.81135996057767
"LeShun Daniels","RB","WAS",2559020,1995-06-04,0,0,0,,76,0,0,0,,,
"LeVeon Bell","RB","PIT",2540175,1992-02-18,20.73,20.73,20.73,,1,3.675,1,4,1.2,0.4,1.92682205832573
"Lee Smith","TE","OAK",2495347,1987-11-21,0,0,0,,56,0,0,6,67.8,5.9,4.96128229215692
"Leonard Fournette","RB","JAC",2557973,1995-01-18,16.1875,16.1875,16.1875,,4,2.56625,0,0,7.8,2.3,2.91542324319555
"Leonte Carroo","WR","MIA",2555215,1994-01-24,2.9875,2.9875,2.9875,,94,0.10375,0,1,,,
"Levine Toilolo","TE","ATL",2540203,1991-07-30,1.1625,1.1625,1.1625,,46,0.05,0,4,48.9,3.9,4.01611471834054
"Lions","DST","DET",100010,,12.95,12.95,12.95,,1,0.574999999999999,1,47,17.2,3.3,4.49690201754856
"Logan Paulsen","TE","SF",2507828,1987-02-26,0,0,0,,56,0,0,7,,,
"Logan Thomas","TE","BUF",2543767,1991-07-01,0,0,0,,56,0,0,3,64.9,8.8,6.33177527419066
"Lorenzo Taliaferro","RB","FA",2543704,1991-12-23,0,0,0,,76,0,0,3,,,
"Louis Murphy","WR","SF",80670,1987-05-11,0,0,0,,123,0,0,8,82.6,9.3,6.0794962650946
"Lucky Whitehead","WR","NYJ",2553621,1992-06-02,0,0,0,,123,0,0,2,,,
"Luke McCown","QB","FA",2506053,1981-07-12,0,0,0,,29,0,0,13,,,
"Luke Stocker","TE","TEN",2495234,1988-07-17,0,0,0,,56,0,0,6,,,
"Luke Willson","TE","SEA",2541199,1990-01-15,2.4125,2.4125,2.4125,,39,0.175,0,4,66.9,5.9,4.96128229215692
"Mack Brown","RB","MIN",2553867,1991-09-24,0,0,0,,76,0,0,1,,,
"Mack Hollins","WR","PHI",2558262,1993-09-16,0,0,0,,123,0,0,0,110.6,8.7,5.77354648816226
"Malcolm Brown","RB","LAR",2552382,1993-05-15,0,0,0,,76,0,0,2,81,9.4,6.60966977613015
"Malcolm Johnson","RB","FA",2553446,1992-08-11,0,0,0,,76,0,0,2,,,
"Malcolm Mitchell","WR","NE",2555216,1993-07-20,0,0,0,,123,0,0,1,,,
"MarQueis Gray","TE","MIA",2540259,1990-11-07,0,0,0,,56,0,0,4,,,
"Marc Mariani","WR","FA",1037885,1987-05-02,0,0,0,,123,0,0,7,,,
"Marcedes Lewis","TE","JAC",2495888,1984-05-19,3.2375,3.2375,3.2375,,32,0.0375000000000001,0,11,27.9,3.3,3.73256444619563
"Marcel Reece","RB","FA",4433,1985-06-23,0,0,0,,76,0,0,9,,,
"Marcus Johnson","WR","PHI",2556855,1994-08-05,0,0,0,,123,0,0,1,,,
"Marcus Mariota","QB","TEN",2552466,1993-10-30,14.98,14.98,14.98,,13,1.37,0,2,17.6,3,5.61627268841099
"Mario Alford","WR","FA",2552650,1992-02-25,0,0,0,,123,0,0,2,,,
"Mark Ingram","RB","NO",2495466,1989-12-21,12.7775,12.7775,12.7775,,6,0.378750000000002,0,6,6.8,2.3,2.91542324319555
"Mark Sanchez","QB","CHI",79858,1986-11-11,0,0,0,,29,0,0,8,,,
"Markus Wheaton","WR","CHI",2539291,1991-02-07,3.025,3.025,3.025,,92,0.0312499999999996,0,4,133,3.8,3.27495664321484
"Marlon Mack","RB","IND",2558123,1996-03-07,6.6925,6.6925,6.6925,,38,0.0875000000000004,0,0,48.1,4.5,4.06011935199218
"Marqise Lee","WR","JAC",2543475,1991-11-25,8.4475,8.4475,8.4475,,25,0.0587500000000016,0,3,32.1,4.2,3.47892316116973
"Marquess Wilson","WR","FA",2540177,1992-09-14,0,0,0,,123,0,0,4,,,
"Marquez North","WR","FA",2556636,1995-04-21,0,0,0,,123,0,0,1,,,
"Marquez Williams","RB","FA",2558860,1994-07-16,0,0,0,,76,0,0,0,,,
"Marquise Goodwin","WR","SF",2539964,1990-11-19,6.75,6.75,6.75,,45,0.305,0,4,27.8,5.4,4.0908227150344
"Marshawn Lynch","RB","OAK",2495663,1986-04-22,0,0,0,,76,0,0,10,13,3.2,3.38370801497599
"Martavis Bryant","WR","PIT",2543572,1991-12-20,6.1375,6.1375,6.1375,,50,0.0962500000000004,0,3,38.1,5.2,3.98883945605696
"Martellus Bennett","TE","NE",1062,1987-03-10,2.5875,2.5875,2.5875,,36,0.0437500000000002,0,9,,,
"Marvin Hall","WR","ATL",2557034,1993-04-10,0,0,0,,123,0,0,1,125.8,4,3.37693990219228
"Marvin Jones","WR","DET",2532884,1990-03-12,9.7875,9.7875,9.7875,,12,0.193750000000001,0,5,13.2,3.4,3.07099012525994
"Mason Crosby","K","GB",2507232,1984-09-03,6.9,6.9,6.9,,22,0.0999999999999996,0,10,17.2,4.9,6.1814830430849
"Mason Schreck","TE","CIN",2558864,1993-11-04,0,0,0,,56,0,0,0,,,
"Matt Asiata","RB","FA",2495258,1987-07-24,0,0,0,,76,0,0,6,,,
"Matt Barkley","QB","ARI",2539308,1990-09-08,0,0,0,,29,0,0,4,,,
"Matt Breida","RB","SF",2558918,1995-02-28,6.015,6.015,6.015,,43,0.327500000000001,0,0,57.9,5.2,4.42434084115475
"Matt Bryant","K","ATL",2504797,1975-05-29,8.8,8.8,8.8,,6,0.300000000000001,0,15,5.3,3.7,4.40925847845755
"Matt Cassel","QB","TEN",2506562,1982-05-17,0,0,0,,29,0,0,12,,,
"Matt Forte","RB","NYJ",234,1985-12-10,0,0,0,,76,0,0,9,36.5,3.9,3.74792950413856
"Matt Hazel","WR","IND",2543792,1992-01-23,0,0,0,,123,0,0,3,,,
"Matt Jones","RB","IND",2552635,1992-11-17,0,0,0,,76,0,0,2,77.7,16.5,10.3039163090647
"Matt LaCosse","TE","FA",2553667,1992-09-21,0,0,0,,56,0,0,2,,,
"Matt Lengel","TE","CLE",2553554,1990-12-27,0,0,0,,56,0,0,2,80.5,14.5,9.02550285956733
"Matt McGloin","QB","FA",2542065,1989-12-02,0,0,0,,29,0,0,4,,,
"Matt Moore","QB","MIA",2507282,1984-08-09,0,0,0,,29,0,0,10,,,
"Matt Prater","K","DET",2506677,1984-08-10,9.5,9.5,9.5,,2,0.300000000000001,1,11,7.6,3.5,4.11388771768632
"Matt Ryan","QB","ATL",310,1985-05-17,15.92,15.92,15.92,,8,0.0600000000000023,0,9,10.1,3.9,7.41226738035161
"Matt Schaub","QB","ATL",2505982,1981-06-25,0,0,0,,29,0,0,13,,,
"Matt Slater","WR","NE",4487,1985-09-09,0,0,0,,123,0,0,9,126,0,1.33727472264337
"Matthew Dayes","RB","CLE",2557987,1995-09-03,0.115,0.115,0.115,,74,0.06125,0,0,,,
"Matthew Stafford","QB","DET",79860,1988-02-07,16.08,16.08,16.08,,6,0.115,0,8,8.5,3.1,5.81582765418217
"Maurice Harris","WR","WAS",2556404,1992-11-11,0,0,0,,123,0,0,1,109.4,13.9,8.42511122157585
"Max McCaffrey","WR","JAC",2556814,1994-05-17,0,0,0,,123,0,0,1,,,
"Maxx Williams","TE","BAL",2552468,1994-04-12,0,0,0,,56,0,0,2,57.6,6.7,5.33934932168347
"Melvin Gordon","RB","LAC",2552469,1993-04-13,14.465,14.465,14.465,,5,1.825,0,2,5,1,2.23901190617935
"Michael Campanaro","WR","BAL",2550163,1991-01-25,0,0,0,,123,0,0,3,128.8,7.3,5.05966367532014
"Michael Crabtree","WR","OAK",71269,1987-09-14,0,0,0,,123,0,0,8,13.1,3.8,3.27495664321484
"Michael Floyd","WR","MIN",2532841,1989-11-27,3.4,3.4,3.4,,87,0.0874999999999999,0,5,115.9,12.5,7.71122840873373
"Michael Hoomanawanui","TE","NO",497246,1988-07-04,0,0,0,,56,0,0,7,52.2,5.7,4.86676553477528
"Michael Roberts","TE","DET",2558049,1994-05-07,0.2875,0.2875,0.2875,,53,0.19375,0,0,74.8,10.3,7.04065095455295
"Michael Thomas","WR","NO",2556370,1993-03-03,11.8875,11.8875,11.8875,,6,0.865,0,1,8.8,2.6,2.66305708935016
"Mike Bercovici","QB","FA",2556794,1993-02-09,0,0,0,,29,0,0,1,,,
"Mike Davis","RB","SEA",2553439,1993-02-19,0,0,0,,76,0,0,2,31.3,5,4.32027755853687
"Mike Evans","WR","TB",2543468,1993-08-21,0,0,0,,123,0,0,3,11.3,3.7,3.22396501372611
"Mike Gillislee","RB","NE",2539663,1990-11-01,0,0,0,,76,0,0,4,,,
"Mike Glennon","QB","CHI",2539275,1989-12-12,0,0,0,,29,0,0,4,,,
"Mike James","RB","DET",2540224,1991-04-13,0,0,0,,76,0,0,4,,,
"Mike Meyer","K","FA",2553835,1992-06-02,0,0,0,,29,0,0,1,,,
"Mike Nugent","K","CHI",2506386,1982-03-02,6.8,6.8,6.8,,24,0.0999999999999996,0,12,29.1,5.2,6.62453918424174
"Mike Thomas","WR","LAR",2556381,1994-08-16,0,0,0,,123,0,0,1,135.4,6.7,4.7537138983878
"Mike Tolbert","RB","BUF",2507428,1985-11-23,4.4175,4.4175,4.4175,,52,0.600000000000001,0,9,78.9,5.7,4.68449904769944
"Mike Wallace","WR","BAL",2507763,1986-08-01,0,0,0,,123,0,0,8,41.6,6.4,4.60073900992163
"Mike Williams","WR","LAC",2558846,1994-10-04,5.325,5.325,5.325,,67,0.0499999999999998,0,0,115,15.6,9.29196892288414
"Mitchell Trubisky","QB","CHI",2558008,1994-08-20,9.34,9.34,9.34,,22,0.73,0,0,,,
"Mohamed Sanu","WR","ATL",2533040,1989-08-22,8.07,8.07,8.07,,31,0.1325,0,5,33.8,4.7,3.73388130861334
"Moritz Boehringer","WR","FA",2556261,1993-10-16,0,0,0,,123,0,0,1,,,
"MyCole Pruitt","TE","HOU",2552401,1992-03-24,0,0,0,,56,0,0,2,,,
"Mychal Rivera","TE","JAC",2539995,1990-09-08,0,0,0,,56,0,0,4,,,
"Nate Sudfeld","QB","PHI",2555427,1993-10-07,0,0,0,,29,0,0,1,,,
"Nathan Peterman","QB","BUF",2558191,1994-05-04,0,0,0,,29,0,0,0,32,1.7,3.02205813338567
"Neal Sterling","TE","NYJ",2553451,1992-01-14,0,0,0,,56,0,0,2,74.5,4.5,4.29966499048546
"Nelson Agholor","WR","PHI",2552600,1993-05-24,0,0,0,,123,0,0,2,37.5,5,3.88685619707951
"Nick Boyle","TE","BAL",2552402,1993-02-17,0,0,0,,56,0,0,2,50.6,6.3,5.15031580692019
"Nick Foles","QB","PHI",2532842,1989-01-20,0,0,0,,29,0,0,5,,,
"Nick Folk","K","FA",2507225,1984-11-05,0,0,0,,29,0,0,10,,,
"Nick Novak","K","LAC",2506194,1981-08-21,7.7,7.7,7.7,,14,0.100000000000001,0,2017,23.6,7.5,10.0213029331108
"Nick OLeary","TE","BUF",2552403,1992-08-31,2.5125,2.5125,2.5125,,38,0.15,0,2,50.9,11.8,7.74952663491523
"Nick Rose","K","WAS",2556450,1994-05-05,7.7,7.7,7.7,,15,0.199999999999999,0,1,24.1,4.7,5.88611228231368
"Nick Truesdell","TE","FA",2558783,1990-03-14,0,0,0,,56,0,0,1,,,
"Nick Vannett","TE","SEA",2555289,1993-03-06,0,0,0,,56,0,0,1,37.7,5.9,4.96128229215692
"Nick Williams","WR","ATL",2540279,1990-11-23,0,0,0,,123,0,0,4,135,5,3.88685619707951
"Niles Paul","TE","WAS",2495211,1989-08-09,0,0,0,,56,0,0,6,34,7.6,5.76467472990084
"Noah Brown","WR","DAL",2558091,1997-07-19,0.0875,0.0875,0.0875,,121,0.0875,0,0,130.3,4.6,3.68288967912462
"O.J. Howard","TE","TB",2557856,1994-11-19,5.05,5.05,5.05,,23,0.46875,0,0,24.9,2.1,3.16546390190581
"Odell Beckham","WR","NYG",2543496,1992-11-05,0.6,0.6,0.6,,113,0.0625000000000001,0,3,,,
"Orleans Darkwa","RB","NYG",2550481,1992-02-28,7.3425,7.3425,7.3425,,29,0.0312499999999991,0,3,28.8,4.4,4.00808771068325
"Orson Charles","TE","KC",2533047,1991-01-27,0,0,0,,56,0,0,5,,,
"Packers","DST","GB",100011,,9.9,9.9,9.9,,9,1.9125,0,47,6.8,3.2,4.31082468157337
"Panthers","DST","CAR",100004,,12.05,12.05,12.05,,4,0.800000000000001,0,47,19.5,3.8,5.42728869742451
"Patrick DiMarco","RB","BUF",2530763,1989-04-30,0,0,0,,76,0,0,6,,,
"Patrick Murray","K","TB",2543533,1991-06-22,6.1,6.1,6.1,,28,6.1,0,3,18.9,4.3,5.29537076077122
"Patriots","DST","NE",100021,,10.35,10.35,10.35,,8,0.975,0,47,2.6,3,3.93867000962298
"Paul Lasike","RB","FA",2553551,1990-06-18,0,0,0,,76,0,0,1,,,
"Paul McRoberts","WR","FA",2556615,1992-11-15,0,0,0,,123,0,0,1,,,
"Paul Perkins","RB","NYG",2555460,1994-11-16,1.625,1.625,1.625,,67,0.27,0,1,86.2,6.3,4.99668889555307
"Paul Richardson","WR","SEA",2543491,1992-04-13,7.855,7.855,7.855,,34,0.0412500000000007,0,3,53.5,4,3.37693990219228
"Paul Turner","WR","FA",2556785,1993-05-10,0,0,0,,123,0,0,1,,,
"Paxton Lynch","QB","DEN",2555316,1994-02-12,0,0,0,,29,0,0,1,,,
"Peyton Barber","RB","TB",2556466,1994-06-27,4.7125,4.7125,4.7125,,51,0.49875,0,1,29.3,11.3,7.59827096099997
"Pharoh Cooper","WR","LAR",2555419,1995-03-07,1.03,1.03,1.03,,107,0.22375,0,1,121.6,3.5,3.12198175474867
"Phil Dawson","K","ARI",2500351,1975-01-23,6.9,6.9,6.9,,22,0.0499999999999998,0,19,20.3,4.4,5.44305614115684
"Philip Rivers","QB","LAC",2506121,1981-12-08,11.44,11.44,11.44,,18,1.23,0,13,3.5,1.7,3.02205813338567
"Phillip Dorsett","WR","NE",2552424,1993-01-05,5.2,5.2,5.2,,70,0.0937499999999991,0,2,96.8,9.1,5.97751300611715
"Phillip Supernaw","TE","TEN",2535535,1990-01-30,0,0,0,,56,0,0,5,69.4,7.4,5.6701579725192
"Pierre Garcon","WR","SF",2346,1986-08-08,0,0,0,,123,0,0,9,,,
"Quan Bray","WR","IND",2553467,1993-04-28,0,0,0,,123,0,0,2,,,
"Quincy Enunwa","WR","NYJ",2543828,1992-05-31,0,0,0,,123,0,0,3,,,
"Quinton Patton","WR","FA",2539250,1990-08-09,0,0,0,,123,0,0,4,,,
"Raheem Mostert","RB","SF",2553728,1992-04-09,0.3975,0.3975,0.3975,,72,0.23625,0,2,,,
"Rams","DST","LAR",100017,,7.125,18.25,18.25,,11,0.35,0,47,19,4.5,6.72983004925085
"Randall Cobb","WR","GB",2495448,1990-08-22,6.47,6.47,6.47,,46,0.0812499999999998,0,6,54.2,4.8,3.78487293810207
"Randall Telfer","TE","CLE",2552660,1992-05-16,0.3125,0.3125,0.3125,,52,0.11875,0,2,,,
"Randy Bullock","K","CIN",2533444,1989-12-16,6.8,6.8,6.8,,24,0.200000000000001,0,5,23,5.3,6.77222456462735
"Rashad Greene","WR","JAC",2552425,1992-09-23,0,0,0,,123,0,0,2,,,
"Rashad Jennings","RB","FA",71345,1985-03-26,0,0,0,,76,0,0,8,,,
"Rashad Ross","WR","FA",2541940,1990-02-02,0,0,0,,123,0,0,4,,,
"Rashard Higgins","WR","CLE",2555468,1994-10-07,3.3,3.3,3.3,,89,0.2375,0,1,112.3,14.5,8.73106099850819
"Rashawn Scott","WR","MIA",2556676,1992-01-29,0,0,0,,123,0,0,1,,,
"Rasheed Bailey","WR","FA",2553692,1993-07-29,0,0,0,,123,0,0,2,,,
"Redskins","DST","WAS",100032,,6.15,6.15,6.15,,17,0.125,0,47,29.4,2,2.07789664987107
"Reggie Bush","RB","FA",2506874,1985-03-02,0,0,0,,76,0,0,11,,,
"Rex Burkhead","RB","NE",2539265,1990-07-02,4.7775,4.7775,4.7775,,50,0.212499999999999,0,4,15.1,3.5,3.5398029389028
"Rhett Ellison","RB","NYG",2532835,1988-10-03,1.1,1.1,1.1,,69,0.26,0,5,,,
"Rhett Ellison","TE","NYG",2532835,1988-10-03,1.1,1.1,1.1,,48,0.30625,0,5,60.6,4.5,4.29966499048546
"Ricardo Louis","WR","CLE",2555473,1994-03-23,6.35,6.35,6.35,,49,0.25875,0,1,117.8,18.8,10.9237010665233
"Richard Rodgers","TE","GB",2550313,1992-01-22,3.1625,3.1625,3.1625,,34,0.2875,0,3,43.1,7.4,5.6701579725192
"Ricky Seals-Jones","TE","ARI",2559248,1995-03-15,0,0,0,,56,0,0,0,14.5,3.1,3.63804768881399
"Rico Gathers","TE","DAL",2556375,1994-01-07,0,0,0,,56,0,0,1,,,
"Rishard Matthews","WR","TEN",2532903,1989-10-12,7.675,7.675,7.675,,37,0.0249999999999995,0,5,44.1,8.6,5.72255485867354
"Rob Gronkowski","TE","NE",497240,1989-05-14,12.7,12.7,12.7,,1,3.19375,1,7,,,
"Rob Housler","TE","FA",2508112,1988-03-17,0,0,0,,56,0,0,6,,,
"Rob Kelley","RB","WAS",2556414,1992-10-03,6.605,6.605,6.605,,39,0.3675,0,1,,,
"Robbie Gould","K","SF",2506264,1982-12-06,7.4,7.4,7.4,,18,0.149999999999999,0,12,16.4,4.1,5
"Robby Anderson","WR","NYJ",2556462,1993-05-09,9.65,9.65,9.65,,13,0.125000000000002,0,1,19.7,4.9,3.83586456759079
"Robert Davis","WR","WAS",2558254,1995-04-02,0,0,0,,123,0,0,0,,,
"Robert Griffin","QB","FA",2533033,1990-02-12,0,0,0,,29,0,0,5,,,
"Robert Turbin","RB","IND",2533460,1989-12-02,0,0,0,,76,0,0,5,,,
"Robert Woods","WR","LAR",2540169,1992-04-10,8.5,8.5,8.5,,24,0.0762500000000017,0,4,76.4,17.5,10.2608098831699
"Rod Smith","RB","DAL",2553743,1992-01-10,3.6225,3.6225,3.6225,,55,0.125,0,2,42.6,4.7,4.16418263461006
"Rod Streater","WR","FA",2535869,1988-02-09,0,0,0,,123,0,0,5,,,
"Rodney Adams","WR","MIN",2558047,1994-09-15,0,0,0,,123,0,0,0,,,
"Roger Lewis","WR","NYG",2556592,1993-11-27,4.1,4.1,4.1,,81,0.0624999999999991,0,1,76.5,6.3,4.54974738043291
"Ronnie Hillman","RB","FA",2533437,1991-09-14,0,0,0,,76,0,0,5,,,
"Roosevelt Nix","RB","PIT",2550235,1992-03-30,0,0,0,,76,0,0,3,,,
"Ross Martin","K","FA",2556607,1993-07-03,0,0,0,,29,0,0,1,,,
"Ross Travis","TE","KC",2554630,1993-01-09,0,0,0,,56,0,0,2,,,
"Rueben Randle","WR","FA",2533533,1991-05-07,0,0,0,,123,0,0,5,,,
"Russell Shepard","WR","CAR",2541944,1990-11-17,5.15,5.15,5.15,,71,0.140000000000001,0,4,88.6,7.8,5.31462182276375
"Russell Wilson","QB","SEA",2532975,1988-11-29,17.14,17.14,17.14,,3,0.23,0,5,6.9,2.7,5.01760779109746
"Ryan Fitzpatrick","QB","TB",2506581,1982-11-24,8.41,8.41,8.41,,24,0.0449999999999982,0,12,,,
"Ryan Grant","WR","WAS",2543759,1990-12-19,5.875,5.875,5.875,,57,0.0250000000000004,0,3,65,6.4,4.60073900992163
"Ryan Griffin","QB","TB",2541185,1989-11-17,0,0,0,,29,0,0,4,,,
"Ryan Griffin","TE","HOU",2541316,1990-01-11,0,0,0,,56,0,0,4,,,
"Ryan Hewitt","TE","CIN",2550206,1991-01-24,0,0,0,,56,0,0,3,,,
"Ryan Mallett","QB","BAL",2495443,1988-06-05,0,0,0,,29,0,0,6,,,
"Ryan Mathews","RB","FA",497188,1987-10-10,0,0,0,,76,0,0,7,,,
"Ryan Nassib","QB","FA",2539961,1990-03-10,0,0,0,,29,0,0,4,,,
"Ryan Succop","K","TEN",89802,1986-09-19,8.2,8.2,8.2,,12,0.399999999999999,0,8,12.6,3.3,3.8185169569151
"Ryan Switzer","WR","DAL",2557960,1994-11-04,0.475,0.475,0.475,,117,0.17625,0,0,,,
"Ryan Tannehill","QB","MIA",2532956,1988-07-27,0,0,0,,29,0,0,5,,,
"Saints","DST","NO",100022,,6.7,6.7,6.7,,13,0.2,0,47,20.3,4.2,6.17159804132528
"Sam Bradford","QB","MIN",497095,1987-11-08,0,0,0,,29,0,0,7,,,
"Samaje Perine","RB","WAS",2558138,1995-09-16,1.61,1.61,1.61,,68,0.52875,0,0,12.7,4,3.79996114544749
"Sammie Coates","WR","CLE",2552470,1993-03-31,1.8,1.8,1.8,,102,0.0937500000000002,0,2,,,
"Sammy Watkins","WR","LAR",2543457,1993-06-14,6.0375,6.0375,6.0375,,52,0.00624999999999964,0,3,30.7,5.4,4.0908227150344
"Scott Tolzien","QB","IND",2495425,1987-09-04,0,0,0,,29,0,0,6,,,
"Seahawks","DST","SEA",100030,,11.2,11.2,11.2,,6,0.625,0,47,7,3.8,5.42728869742451
"Sean Culkin","TE","LAC",2559161,1993-06-11,0,0,0,,56,0,0,0,,,
"Sean Mannion","QB","LAR",2552576,1992-04-25,0,0,0,,29,0,0,2,,,
"Sean McGrath","TE","LAC",2535943,1987-12-03,0,0,0,,56,0,0,5,73,17,10.2069623268378
"Sean Renfree","QB","FA",2540263,1990-04-28,0,0,0,,29,0,0,4,,,
"Seantavius Jones","WR","FA",2550359,1992-08-09,0,0,0,,123,0,0,3,,,
"Sebastian Janikowski","K","OAK",2504257,1978-03-02,0,0,0,,29,0,0,17,,,
"Senorise Perry","RB","MIA",2550633,1991-09-19,0,0,0,,76,0,0,3,76.5,6.2,4.94465725424413
"Seth DeValve","TE","CLE",2556365,1993-01-29,4.4625,4.4625,4.4625,,25,0.506250000000001,0,1,35,3.9,4.01611471834054
"Seth Roberts","WR","OAK",2550597,1991-02-22,0,0,0,,123,0,0,3,63,7.7,5.26363019327503
"Shane Smith","RB","NYG",2559254,1993-08-21,0,0,0,,76,0,0,0,,,
"Shane Vereen","RB","NYG",2495473,1989-03-02,3.5375,3.5375,3.5375,,56,0.46,0,6,70.1,5.1,4.37230919984581
"Shaun Draughn","RB","FA",2495461,1987-12-07,0,0,0,,76,0,0,6,,,
"Shaun Hill","QB","FA",2504833,1980-01-09,0,0,0,,29,0,0,2017,,,
"Shelton Gibson","WR","PHI",2558258,1995-03-20,0,0,0,,123,0,0,0,,,
"Spencer Ware","RB","KC",2540204,1991-11-23,0,0,0,,76,0,0,4,,,
"Stacy Coley","WR","MIN",2557896,1994-05-13,0,0,0,,123,0,0,0,,,
"Steelers","DST","PIT",100027,,12.65,12.65,12.65,,2,0.575000000000001,1,47,4.5,3.4,4.68297935352375
"Stefon Diggs","WR","MIN",2552608,1993-11-29,10.9175,10.9175,10.9175,,8,0.192500000000001,0,2,25.5,3.7,3.22396501372611
"Stepfan Taylor","RB","FA",2539315,1991-06-09,0,0,0,,76,0,0,4,,,
"Stephen Anderson","TE","HOU",2556463,1993-01-30,2.15,2.15,2.15,,42,0.1125,0,1,13.5,3.6,3.87433958226809
"Stephen Gostkowski","K","NE",2506922,1984-01-28,8.9,8.9,8.9,,5,0.25,0,11,1.4,1,0.421753208046008
"Stephen Morris","QB","FA",2550376,1992-08-27,0,0,0,,29,0,0,3,,,
"Sterling Shepard","WR","NYG",2555295,1993-02-10,9.4,9.4,9.4,,16,0.19375,0,1,23.3,4.9,3.83586456759079
"Stevan Ridley","RB","FA",2495470,1989-01-27,0,0,0,,76,0,0,6,,,
"Steve Johnson","WR","FA",768,1986-07-22,0,0,0,,123,0,0,9,,,
"Steven Hauschka","K","BUF",2507374,1985-06-29,8.5,8.5,8.5,,7,0.0500000000000007,0,2017,14,3.5,4.11388771768632
"Storm Johnson","RB","FA",2543570,1992-07-17,0,0,0,,76,0,0,3,,,
"T.J. Jones","WR","DET",2543836,1992-07-19,5.3,5.3,5.3,,68,0.0750000000000002,0,3,,,
"T.J. Logan","RB","ARI",2558273,1994-09-03,0,0,0,,76,0,0,0,,,
"T.J. Yates","QB","HOU",2508123,1987-05-28,0,0,0,,29,0,0,6,,,
"T.J. Yeldon","RB","JAC",2552471,1993-10-02,2.6975,2.6975,2.6975,,58,0.118749999999999,0,2,59.8,5.1,4.37230919984581
"T.Y. Hilton","WR","IND",2532865,1989-11-14,9.5375,9.5375,9.5375,,14,0.0812499999999989,0,5,25.5,4.6,3.68288967912462
"Taiwan Jones","RB","BUF",2495467,1988-07-26,0,0,0,,76,0,0,6,,,
"Tajae Sharpe","WR","TEN",2555317,1994-12-23,0,0,0,,123,0,0,1,,,
"Tanner Gentry","WR","CHI",2559176,1994-12-18,0,0,0,,123,0,0,0,,,
"Tanner McEvoy","WR","SEA",2556612,1993-01-26,0,0,0,,123,0,0,1,129.4,7.6,5.21263856378631
"Taquan Mizzell","RB","CHI",2558975,1993-10-21,0,0,0,,76,0,0,0,,,
"Tarik Cohen","RB","CHI",2558250,1995-07-26,7.7175,7.7175,7.7175,,22,0.0249999999999995,0,0,51.1,3.8,3.69589786282962
"Tavarres King","WR","NYG",2539235,1990-07-14,5.55,5.55,5.55,,65,0.118749999999999,0,4,73.9,9.1,5.97751300611715
"Tavon Austin","WR","LAR",2539336,1991-03-15,3.6075,3.6075,3.6075,,84,0.12625,0,4,92.7,7,4.90668878685397
"Taylor Gabriel","WR","ATL",2550617,1991-02-17,5.7425,5.7425,5.7425,,62,0.0762499999999999,0,3,80.6,6.9,4.85569715736525
"Taylor Heinicke","QB","FA",2553656,1993-03-15,0,0,0,,29,0,0,2,,,
"Taylor McNamara","TE","FA",2559214,1994-08-12,0,0,0,,56,0,0,0,,,
"Taysom Hill","QB","NO",2558954,1990-08-23,0,0,0,,29,0,0,0,,,
"Taywan Taylor","WR","TEN",2557870,1995-03-02,3.0375,3.0375,3.0375,,91,0.0249999999999999,0,0,106.5,12.4,7.66023677924501
"Ted Ginn","WR","NO",2507166,1985-04-12,7.8275,7.8275,7.8275,,35,0.0899999999999999,0,10,35.3,4.9,3.83586456759079
"Teddy Bridgewater","QB","MIN",2543465,1992-10-10,0,0,0,,29,0,0,3,,,
"Temarrick Hemingway","TE","LAR",2555486,1993-07-30,0,0,0,,56,0,0,1,,,
"Terrance West","RB","BAL",2543664,1991-01-21,0,0,0,,76,0,0,3,,,
"Terrance Williams","WR","DAL",2539205,1989-09-18,7.9125,7.9125,7.9125,,33,0.0712499999999991,0,4,66.9,6.2,4.49875575094419
"Terrell Watson","RB","FA",2553617,1993-08-22,0,0,0,,76,0,0,2,,,
"Terrelle Pryor","WR","WAS",2531332,1989-06-20,5.0625,5.0625,5.0625,,72,0.1275,0,6,,,
"Terron Ward","RB","ATL",2553762,1992-02-15,0,0,0,,76,0,0,2,83.8,5.6,4.6324674063905
"Tevaun Smith","WR","FA",2556399,1993-01-30,0,0,0,,123,0,0,1,,,
"Tevin Coleman","RB","ATL",2552453,1993-04-16,7.3975,7.3975,7.3975,,27,0.0275000000000016,0,2,28.5,3.9,3.74792950413856
"Texans","DST","HOU",100013,,4.35,4.35,4.35,,27,,0,47,15.8,4.6,6.91590738522604
"Thad Lewis","QB","FA",497121,1987-11-19,0,0,0,,29,0,0,7,,,
"Theo Riddick","RB","DET",2540020,1991-05-04,6.0975,6.0975,6.0975,,42,0.2025,0,4,37.7,4.4,4.00808771068325
"Thomas Rawls","RB","SEA",2553733,1993-08-03,7.2,7.2,7.2,,33,0.227500000000001,0,2,81.1,6.1,4.89262561293519
"Tim Hightower","RB","FA",4383,1986-05-23,0,0,0,,76,0,0,9,,,
"Tim Patrick","WR","FA",2558985,1993-11-23,0,0,0,,123,0,0,0,,,
"Tim White","WR","BAL",2559007,1994-07-15,0,0,0,,123,0,0,0,,,
"Tim Wright","TE","FA",2541768,1990-04-07,0,0,0,,56,0,0,4,,,
"Tion Green","RB","DET",2559180,1993-12-14,0,0,0,,76,0,0,0,53,10,6.92185962398377
"Titans","DST","TEN",100012,,10.8,10.8,10.8,,7,0.675000000000001,0,47,11.8,3.8,5.42728869742451
"Titus Davis","WR","FA",2553874,1993-01-03,0,0,0,,123,0,0,2,,,
"Todd Gurley","RB","LAR",2552475,1994-08-03,17.5825,17.5825,17.5825,,2,1.225,1,2,3.5,1.6,2.55120175403298
"Tom Brady","QB","NE",2504211,1977-08-03,19.99,19.99,19.99,,1,2.435,1,17,1.1,0.4,0.427843578360338
"Tom Savage","QB","HOU",2543640,1990-04-26,7.76,7.76,7.76,,28,7.76,0,3,27.5,3.3,6.21493758572453
"Tommy Bohanon","RB","JAC",2540225,1990-09-10,0,0,0,,76,0,0,4,93.6,3.7,3.64386622152068
"Tommylee Lewis","WR","NO",2556752,1992-10-24,0,0,0,,123,0,0,1,137.2,1.8,2.25512405344038
"Tony Romo","QB","FA",2505354,1980-04-21,0,0,0,,29,0,0,14,,,
"Torrey Smith","WR","PHI",2495459,1989-01-26,0,0,0,,123,0,0,6,76.5,6.9,4.85569715736525
"Tra Carson","RB","CIN",2556493,1992-10-24,0,0,0,,76,0,0,1,,,
"Travaris Cadet","RB","BUF",2535890,1989-02-01,0,0,0,,76,0,0,5,59.7,8,5.88122679780501
"Travis Benjamin","WR","LAC",2532790,1989-12-29,5.72,5.72,5.72,,63,0.13875,0,5,59.1,5.4,4.0908227150344
"Travis Coons","K","LAC",2550551,1992-02-06,0,0,0,,29,0,0,3,8.9,4.2,5.14768538038561
"Travis Kelce","TE","KC",2540258,1989-10-05,0,0,0,,56,0,0,4,1,0,2.17303794939861
"Travis Rudolph","WR","NYG",2559241,1995-09-15,0,0,0,,123,0,0,0,122.4,6.2,4.49875575094419
"Tre Madden","RB","SEA",2556603,1993-08-16,0,0,0,,76,0,0,1,,,
"Tre McBride","WR","FA",2552428,1992-12-01,4.1625,4.1625,4.1625,,80,0.0687499999999996,0,2,,,
"Trent Taylor","WR","SF",2558202,1994-04-30,0,0,0,,123,0,0,0,58.4,7.1,4.95768041634269
"Trevor Davis","WR","GB",2555413,1993-07-04,0.0875,0.0875,0.0875,,121,0.04375,0,1,,,
"Trevor Knight","QB","FA",2559203,1993-10-03,0,0,0,,29,0,0,0,,,
"Trevor Siemian","QB","DEN",2553457,1991-12-26,0,0,0,,29,0,0,2,27.5,1.9,3.42116806492802
"Trey Burton","TE","PHI",2550284,1991-10-29,0,0,0,,56,0,0,3,24.8,7.3,5.62289959382838
"Trey Edmunds","RB","NO",2559325,1994-12-30,0,0,0,,76,0,0,0,92.7,19.9,12.0729921135686
"Trey Edmunds","TE","NO",2559325,1994-12-30,0,0,0,,56,,0,0,,,
"Trey Griffey","WR","FA",2558887,1994-01-19,0,0,0,,123,0,0,0,,,
"Troy Niklas","TE","ARI",2543628,1992-09-18,0,0,0,,56,0,0,3,65.4,17.2,10.3014790842194
"Ty Montgomery","RB","GB",2552429,1993-01-22,8.01,8.01,8.01,,21,0.29625,0,2,,,
"Tyler Boyd","WR","CIN",2555466,1994-11-15,0,0,0,,123,0,0,1,97.5,4.3,3.52991479065845
"Tyler Bray","QB","KC",2540173,1991-12-27,0,0,0,,29,0,0,4,,,
"Tyler Eifert","TE","CIN",2540148,1990-09-08,0,0,0,,56,0,0,4,,,
"Tyler Ervin","RB","HOU",2555234,1993-10-07,0,0,0,,76,0,0,1,,,
"Tyler Gaffney","RB","JAC",2543655,1991-04-20,0,0,0,,76,0,0,3,,,
"Tyler Higbee","TE","LAR",2555364,1993-01-01,4.4625,4.4625,4.4625,,25,0.24375,0,1,33.5,4.8,4.44144012655791
"Tyler Kroft","TE","CIN",2552586,1992-10-15,6.125,6.125,6.125,,14,0.23125,0,2,17.5,2.3,3.25998065928744
"Tyler Lockett","WR","SEA",2552430,1992-09-28,7.4025,7.4025,7.4025,,41,0.196249999999999,0,2,64.5,6.4,4.60073900992163
"Tyreek Hill","WR","KC",2556214,1994-03-01,0,0,0,,123,0,0,1,7.5,2.5,2.61206545986144
"Tyrell Williams","WR","LAC",2553913,1992-02-12,5.8625,5.8625,5.8625,,58,0.0249999999999995,0,2,64.1,5.8,4.29478923298929
"Tyrod Taylor","QB","BUF",2495240,1989-08-03,15.91,15.91,15.91,,9,0.324999999999999,0,6,21.9,5.1,9.80692696960575
"Vance McDonald","TE","PIT",2540215,1990-06-13,3.2375,3.2375,3.2375,,32,0.0750000000000002,0,4,41.5,12.2,7.9385601496785
"Vernon Davis","TE","WAS",2495826,1984-01-31,9.275,9.275,9.275,,3,0.225,0,11,15.4,3.1,3.63804768881399
"Victor Bolden","WR","SF",2558912,1995-04-04,0,0,0,,123,0,0,0,,,
"Victor Cruz","WR","FA",2507855,1986-11-11,0,0,0,,123,0,0,7,,,
"Vikings","DST","MIN",100020,,6.85,6.85,6.85,,12,0.225,0,47,8.2,3.3,4.49690201754856
"Vince Mayle","TE","BAL",2552431,1991-06-12,0,0,0,,56,0,0,2,,,
"Vince Mayle","WR","BAL",2552431,1991-06-12,0,0,0,,123,0,0,2,,,
"Vincent Jackson","WR","FA",2506400,1983-01-14,0,0,0,,123,0,0,12,,,
"Virgil Green","TE","DEN",2495288,1988-08-03,1.5375,1.5375,1.5375,,45,0.39375,0,6,33.6,8.2,6.04822500204575
"Walt Powell","WR","FA",2543619,1991-11-23,0,0,0,,123,0,0,3,,,
"Wayne Gallman","RB","NYG",2557952,1994-10-01,5.6,5.6,5.6,,45,0.217499999999999,0,0,61.4,5.2,4.42434084115475
"Wendall Williams","WR","FA",2556710,1990-09-18,0,0,0,,123,0,0,1,,,
"Wendell Smallwood","RB","PHI",2555461,1994-01-26,0,0,0,,76,0,0,1,,,
"Wil Lutz","K","NO",2556601,1994-07-07,8.5,8.5,8.5,,7,0.100000000000001,0,1,3.7,2.6,2.78471929421581
"Will Fuller","WR","HOU",2555346,1994-04-16,7.5125,7.5125,7.5125,,40,0.117500000000001,0,1,59.2,12.3,7.60924514975629
"Will Tukuafu","RB","FA",2527672,1984-01-03,0,0,0,,76,0,0,7,,,
"Will Tye","TE","FA",2553830,1991-11-04,0,0,0,,56,0,0,2,,,
"Willie Snead","WR","NO",2550256,1992-10-17,4.8,4.8,4.8,,76,0.275,0,3,90.3,8,5.4166050817412
"Xavier Grimble","TE","PIT",2550521,1992-09-02,0,0,0,,56,0,0,3,66,11.4,7.56049312015195
"Younghoe Koo","K","FA",2559205,1994-08-03,0,0,0,,29,,0,0,,,
"Zac Brooks","RB","FA",2556379,1993-02-01,0,0,0,,76,0,0,1,,,
"Zach Ertz","TE","PHI",2540158,1990-11-10,0,0,0,,56,0,0,4,5.2,5.4,4.72499039870283
"Zach Line","RB","NO",2539303,1990-04-26,0,0,0,,76,0,0,4,86,4,3.79996114544749
"Zach Mettenberger","QB","FA",2543605,1991-07-16,0,0,0,,29,0,0,3,,,
"Zach Miller","TE","CHI",238457,1984-10-04,0,0,0,,56,0,0,8,,,
"Zach Zenner","RB","DET",2553631,1991-09-13,0,0,0,,76,0,0,2,77.3,10.6,7.2340494718374
"Zane Gonzalez","K","CLE",2558178,1995-05-07,6.6,6.6,6.6,,26,0.250000000000001,0,0,29.8,2.2,2.19397777267336
"Zay Jones","WR","BUF",2557863,1995-03-30,0,0,0,,123,0,0,0,52.4,7.3,5.05966367532014
