"player","position","team","playerId","birthdate","points","lower","upper","sdPts","positionRank","dropoff","tier","exp","ecrPosition","sdRank","risk"
"49ers","DST","SF",100029,,4.15,4.15,4.15,,30,,0,45,23.6,4,5.76911539061188
"A.J. Derby","TE","FA",2552580,1991-09-20,3.9875,3.9875,3.9875,,28,0.16875,0,0,,,
"A.J. Green","WR","CIN",2495450,1988-07-31,13.85,13.85,13.85,,7,0.3375,0,4,3.7,1.3,2.5224729766292
"AJ McCarron","QB","CIN",2543497,1990-09-13,0,0,0,,27,0,0,1,,,
"Aaron Murray","QB","KC",2543587,1990-11-10,0,0,0,,27,0,0,1,,,
"Aaron Ripkowski","RB","GB",2552477,1992-12-20,0,0,0,,55,0,0,0,87.1,5.2,4.5740472615588
"Aaron Rodgers","QB","GB",2506363,1983-12-02,22.48,22.48,22.48,,2,2.785,1,10,,,
"Adam Humphries","WR","TB",2553895,1993-06-24,4.0625,4.0625,4.0625,,75,0.0975000000000001,0,0,89,7.6,5.87634840165513
"Adam Thielen","WR","MIN",2541785,1990-08-22,9.6875,9.6875,9.6875,,38,0.03125,0,1,8.6,1.8,2.78865356591697
"Adam Vinatieri","K","IND",2503471,1972-12-28,7.6,7.6,7.6,,19,0.35,0,19,18.1,3.6,4.86618823402237
"Adrian Peterson","RB","MIN",2507164,1985-03-21,6.3025,6.3025,6.3025,,37,0.0525000000000002,0,8,,,
"Albert Wilson","WR","KC",2550272,1992-07-12,3.1225,3.1225,3.1225,,80,0.3225,0,1,67.9,6.5,5.29075110522203
"Alex Smith","QB","KC",2506340,1984-05-07,13.48,13.48,13.48,,21,2.725,0,10,4,2.8,4.79432112457136
"Alex Tanney","QB","TEN",2534870,1987-11-11,0,0,0,,27,0,0,3,,,
"Alfred Blue","RB","HOU",2543600,1991-04-27,0,0,0,,55,0,0,1,,,
"Alfred Morris","RB","WAS",2533457,1988-12-12,2.035,2.035,2.035,,49,0.215,0,3,,,
"Allen Hurns","WR","JAC",2550353,1991-11-21,8.1,8.1,8.1,,58,0.49375,0,1,,,
"Allen Robinson","WR","JAC",2543509,1993-08-24,0,0,0,,94,0,0,1,,,
"Alshon Jeffery","WR","CHI",2533039,1990-02-14,11.4,11.4,11.4,,18,0.19375,0,3,,,
"Amari Cooper","WR","OAK",2552487,1994-06-18,14.6125,14.6125,14.6125,,4,0.187500000000002,1,0,46.1,22.4,13.7552938445732
"Ameer Abdullah","RB","DET",2552374,1993-06-13,7.45,7.45,7.45,,25,0.05375,0,0,47.9,9.6,7.02684893660946
"Andre Ellington","RB","ARI",2539217,1989-02-03,6.88,6.88,6.88,,33,0.32375,0,2,,,
"Andre Holmes","WR","OAK",2495453,1988-06-16,6.3,6.3,6.3,,66,0.0874999999999995,0,4,,,
"Andre Roberts","WR","WAS",497320,1988-01-09,1.725,1.725,1.725,,87,0.17875,0,5,,,
"Andre Williams","RB","NYG",2543565,1992-08-28,0,0,0,,55,0,0,1,,,
"Andrew Hawkins","WR","CLE",2508097,1986-03-10,0,0,0,,94,0,0,4,,,
"Andrew Luck","QB","IND",2533031,1989-09-12,0,0,0,,27,0,0,3,,,
"Andrew Turzilli","WR","TEN",2553829,1991-10-13,0,0,0,,94,0,0,0,,,
"Andy Dalton","QB","CIN",2495143,1987-10-29,14.07,14.07,14.07,,20,1.785,0,4,20,3.9,6.85110987885775
"Anquan Boldin","WR","SF",2505587,1980-10-03,0,0,0,,94,0,0,12,,,
"Anthony Fasano","TE","TEN",2495835,1984-04-20,2.2625,2.2625,2.2625,,39,0.10625,0,9,,,
"Anthony Sherman","RB","KC",2495340,1988-12-11,0,0,0,,55,0,0,4,92.4,9.8,7.13833992183903
"Antone Smith","RB","FA",89798,1985-09-17,0,0,0,,55,0,0,6,,,
"Antonio Andrews","RB","TEN",2550474,1992-08-17,0,0,0,,55,0,0,1,,,
"Antonio Brown","WR","PIT",2508061,1988-07-10,15.2625,15.2625,15.2625,,2,0.432499999999999,1,5,1.3,1,2.36276462305653
"Antonio Gates","TE","SD",2505299,1980-06-18,6.175,6.175,6.175,,19,0.162500000000001,0,12,,,
"Antwan Goodley","WR","SEA",2553526,1991-09-06,0,0,0,,94,0,0,0,,,
"Arrelious Benn","WR","JAC",497270,1988-09-08,1.5875,1.5875,1.5875,,88,0.2725,0,5,,,
"Asante Cleveland","TE","SD",2550454,1992-03-21,0,0,0,,47,0,0,1,,,
"Austin Davis","QB","CLE",2533349,1989-06-02,0,0,0,,27,0,0,3,,,
"Austin Seferian-Jenkins","TE","TB",2543683,1992-09-29,0,0,0,,47,0,0,1,,,
"Bears","DST","CHI",100005,,6.2,6.2,6.2,,18,0,0,45,19.3,4.5,6.74680444647443
"Ben Koyack","TE","JAC",2552396,1993-04-09,0,0,0,,47,0,0,0,87.5,4.5,4.59285895898939
"Ben Roethlisberger","QB","PIT",2506109,1982-03-02,16.99,16.99,16.99,,11,0.530000000000001,0,11,10.8,3.4,5.91620589963666
"Bengals","DST","CIN",100006,,11.9,11.9,11.9,,7,0.725,0,45,4.7,2.6,3.03158603419672
"Benjamin Watson","TE","NO",2506122,1980-12-18,5.25,5.25,5.25,,24,0.975,0,11,,,
"Bennie Fowler","WR","DEN",2550198,1991-06-10,2.2625,2.2625,2.2625,,85,0.44375,0,1,90.6,6.5,5.29075110522203
"Benny Cunningham","RB","STL",2541544,1990-07-07,0,0,0,,55,0,0,2,,,
"Bernard Pierce","RB","JAC",2533545,1991-05-10,0,0,0,,55,0,0,3,,,
"Bilal Powell","RB","NYJ",2495328,1988-10-27,9.7725,9.7725,9.7725,,13,0.372500000000002,0,4,39.2,3.6,3.6821193797222
"Bills","DST","BUF",100003,,5.6,5.6,5.6,,24,0.375000000000001,0,45,10,3.3,4.4003507124043
"Bishop Sankey","RB","TEN",2543682,1992-09-15,0,0,0,,55,0,0,1,,,
"Blaine Gabbert","QB","SF",2495441,1989-10-15,0,0,0,,27,0,0,4,,,
"Blair Walsh","K","MIN",2532968,1990-01-08,8.9,8.9,8.9,,7,0.15,0,3,,,
"Blake Annen","TE","BUF",2550278,1991-05-28,0,0,0,,47,0,0,1,,,
"Blake Bortles","QB","JAC",2543477,1991-12-16,10.42,10.42,10.42,,23,2.255,0,1,24.1,2.2,3.67243634950606
"Branden Oliver","RB","SD",2550658,1991-05-07,5.2625,5.2625,5.2625,,42,0.2825,0,1,,,
"Brandin Cooks","WR","NO",2543498,1993-09-25,15.0475,15.0475,15.0475,,3,0.516249999999999,1,1,,,
"Brandon Bolden","RB","NE",2532797,1990-01-26,0,0,0,,55,0,0,3,,,
"Brandon Coleman","WR","NO",2550328,1992-06-22,6.2125,6.2125,6.2125,,68,0.172499999999999,0,1,79.5,8.1,6.1425289909429
"Brandon LaFell","WR","NE",497302,1986-11-04,7.2,7.2,7.2,,61,0.0524999999999993,0,5,,,
"Brandon Marshall","WR","NYJ",2495893,1984-03-23,9.675,9.675,9.675,,39,0.0687500000000014,0,9,,,
"Brandon McManus","K","DEN",2541556,1991-07-25,8.7,8.7,8.7,,9,0.299999999999999,0,1,25.2,4.6,6.65034511372416
"Brandon Myers","TE","TB",89766,1985-09-04,0,0,0,,47,0,0,6,,,
"Brandon Tate","WR","CIN",81306,1987-10-05,0.6,0.6,0.6,,93,0.6,0,6,,,
"Brandon Weeden","QB","HOU",2532970,1983-10-14,0,0,0,,27,0,0,3,,,
"Brandon Williams","TE","MIA",2539645,1987-10-12,0,0,0,,47,0,0,3,,,
"Brent Celek","TE","PHI",2507218,1985-01-25,3.525,3.525,3.525,,32,0.33125,0,8,55.7,11.6,8.29888638357316
"Breshad Perriman","WR","BAL",2552597,1993-09-10,9.4675,9.4675,9.4675,,42,0.0350000000000001,0,0,117.9,13.5,9.01727935525084
"Brett Hundley","QB","GB",2552588,1993-06-15,0,0,0,,27,0,0,0,23.5,2.4,4.04639794119449
"Brian Hoyer","QB","HOU",81294,1985-10-31,6.46,6.46,6.46,,26,6.46,0,6,,,
"Brian Parker","TE","KC",2553840,1992-05-30,0,0,0,,47,,0,0,,,
"Brian Quick","WR","STL",2532933,1989-06-05,2.7,2.7,2.7,,82,0.175,0,3,,,
"Brice Butler","WR","DAL",2541388,1990-01-29,4.1625,4.1625,4.1625,,74,0.12875,0,2,95.6,7.1,5.61016781236735
"Brittan Golden","WR","ARI",2535988,1988-07-20,1.125,1.125,1.125,,90,0.1975,0,3,,,
"Brock Osweiler","QB","DEN",2533436,1990-11-22,0,0,0,,27,0,0,3,,,
"Broncos","DST","DEN",100009,,7.55,7.55,7.55,,11,0.899999999999999,0,45,12,3.7,5.18250195709434
"Browns","DST","CLE",100007,,5.25,5.25,5.25,,25,0.125,0,45,22.8,5.7,9.09325818054457
"Bruce Ellington","WR","SF",2543646,1991-08-22,0,0,0,,94,0,0,1,,,
"Bryan Walters","WR","JAC",2528181,1987-11-04,0,0,0,,94,0,0,5,,,
"Bryce Petty","QB","NYJ",2552369,1991-05-31,0,0,0,,27,0,0,0,,,
"Buccaneers","DST","TB",100031,,11.75,11.75,11.75,,8,2.575,0,45,22.2,4.5,6.74680444647443
"C.J. Anderson","RB","DEN",2540269,1991-02-10,10.64,10.64,10.64,,9,0.358750000000001,0,2,33.5,4.2,4.01659233541093
"C.J. Fiedorowicz","TE","HOU",2543721,1991-10-22,0,0,0,,47,0,0,1,30.6,3.2,3.91429055730504
"C.J. Spiller","RB","NO",497204,1987-08-15,0,0,0,,55,0,0,5,,,
"C.J. Uzomah","TE","CIN",2552559,1993-01-14,0,0,0,,47,0,0,0,63.9,5.4,5.0626370832324
"Cairo Santos","K","KC",2550636,1991-11-21,8.2,8.2,8.2,,13,0.250000000000001,0,1,,,
"Caleb Sturgis","K","PHI",2539637,1989-08-09,0,0,0,,25,0,0,2,,,
"Calvin Johnson","WR","DET",2495647,1985-09-29,0,0,0,,94,0,0,8,,,
"Cam Newton","QB","CAR",2495455,1989-05-11,18.48,18.48,18.48,,8,1.33,0,4,12.1,2.9,4.98130192041558
"Cameron Artis-Payne","RB","CAR",2552375,1990-06-23,0,0,0,,55,0,0,0,91.7,10.9,7.75154034060169
"Cameron Brate","TE","TB",2550656,1991-07-03,6.675,6.675,6.675,,16,0.374999999999999,0,1,9.6,2.9,3.75769784922403
"Cameron Meredith","WR","CHI",2553568,1992-09-21,0,0,0,,94,0,0,0,,,
"Cardinals","DST","ARI",100026,,12.45,12.45,12.45,,4,0.324999999999999,1,45,15.8,2.9,3.61819946771426
"Carlos Hyde","RB","SF",2543743,1991-09-20,9.835,9.835,9.835,,12,0.0637500000000006,0,1,15.3,3.3,3.51488290187784
"Carson Palmer","QB","ARI",2505245,1979-12-27,16.83,16.83,16.83,,12,1.045,0,12,,,
"Case Keenum","QB","STL",2532888,1988-02-12,8.68,8.68,8.68,,24,1.625,0,3,,,
"Cecil Shorts","WR","HOU",2495341,1987-12-22,0,0,0,,94,0,0,4,,,
"Cedric Peerman","RB","CIN",79629,1986-10-10,0,0,0,,55,0,0,6,,,
"Chad Henne","QB","JAC",252,1985-07-02,0,0,0,,27,0,0,7,,,
"Chandler Catanzaro","K","ARI",2550325,1991-02-26,6.3,6.3,6.3,,24,6.3,0,1,,,
"Charcandrick West","RB","KC",2550268,1991-06-02,5.4425,5.4425,5.4425,,41,0.321250000000001,0,1,70.3,6.8,5.4659751433954
"Charles Clay","TE","BUF",2495139,1989-02-13,5.9375,5.9375,5.9375,,21,0.449999999999999,0,4,15.7,2.3,3.44451243306202
"Charles Sims","RB","TB",2543770,1990-09-19,6.5125,6.5125,6.5125,,36,0.22375,0,1,68.7,8,6.13492105477285
"Chase Daniel","QB","KC",81284,1986-10-07,0,0,0,,27,0,0,6,,,
"Chiefs","DST","KC",100016,,6.55,6.55,6.55,,14,0.175,0,45,24.4,5.3,8.31110693585452
"Chris Boswell","K","PIT",2550545,1989-12-16,9.1,9.1,9.1,,6,0.249999999999998,0,1,10.3,2.7,3.26044704229075
"Chris Conley","WR","KC",2552652,1992-10-25,6.2125,6.2125,6.2125,,67,0.0200000000000005,0,0,,,
"Chris Gragg","TE","BUF",2539202,1990-06-30,0,0,0,,47,0,0,2,,,
"Chris Harper","WR","NE",2553652,1993-12-07,0,0,0,,94,0,0,0,,,
"Chris Hogan","WR","BUF",2530515,1988-10-24,10.125,10.125,10.125,,32,0.0375000000000014,0,4,,,
"Chris Ivory","RB","NYJ",2507999,1988-03-22,4.98,4.98,4.98,,43,0.405,0,5,,,
"Chris Johnson","RB","ARI",262,1985-09-23,1.63,1.63,1.63,,52,0.9175,0,7,,,
"Chris Matthews","WR","BAL",2531049,1989-10-06,0,0,0,,94,0,0,1,,,
"Chris Thompson","RB","WAS",2540011,1990-10-20,6.5725,6.5725,6.5725,,34,0.0462499999999997,0,2,,,
"Christian Ponder","QB","FA",2495215,1988-02-25,0,0,0,,27,0,0,4,,,
"Christine Michael","RB","SEA",2539322,1990-11-09,0,0,0,,55,0,0,2,,,
"Clark Harris","TE","CIN",2495620,1984-07-10,0,0,0,,47,0,0,8,,,
"Clay Harbor","TE","JAC",497242,1987-07-02,0,0,0,,47,0,0,5,,,
"Clive Walford","TE","OAK",2552397,1991-10-21,3.575,3.575,3.575,,31,0.175,0,0,52.7,6.4,5.58461277683575
"Coby Fleener","TE","IND",2532838,1988-09-20,7.4125,7.4125,7.4125,,12,0.19375,0,3,,,
"Cody Latimer","WR","DEN",2543590,1992-10-10,0.8625,0.8625,0.8625,,92,0.5625,0,1,93.8,7.1,5.61016781236735
"Cody Parkey","K","PHI",2550380,1992-02-19,7.8,7.8,7.8,,17,0.150000000000001,0,1,,,
"Cole Beasley","WR","DAL",2535698,1989-04-26,7.0925,7.0925,7.0925,,64,0.78,0,3,82.2,7,5.5569316945098
"Colin Kaepernick","QB","SF",2495186,1987-11-03,0,0,0,,27,0,0,4,,,
"Colt McCoy","QB","WAS",497123,1986-09-05,0,0,0,,27,0,0,5,,,
"Colts","DST","IND",100014,,5.2,5.2,5.2,,26,0.250000000000001,0,45,20.4,5.3,8.31110693585452
"Connor Barth","K","TB",2507463,1986-04-11,7,7,7,,22,0.65,0,7,,,
"Connor Shaw","QB","CLE",2550252,1991-09-19,0,0,0,,27,0,0,1,,,
"Cooper Helfet","TE","SEA",2536071,1989-06-02,0,0,0,,47,0,0,4,,,
"Cordarrelle Patterson","WR","MIN",2540145,1991-03-17,3.3575,3.3575,3.3575,,78,0.18375,0,2,,,
"Corey Fuller","WR","DET",2540261,1990-06-23,0,0,0,,94,0,0,2,,,
"Corey Grant","RB","JAC",2553650,1991-12-19,1.7725,1.7725,1.7725,,51,0.53,0,0,80.8,7.4,5.80044809908413
"Cory Harkey","TE","STL",2533353,1990-06-17,0,0,0,,47,0,0,3,,,
"Cowboys","DST","DAL",100008,,6.2,6.2,6.2,,18,0.0249999999999995,0,45,12.4,3.4,4.59588852357681
"Crockett Gillmore","TE","BAL",2543794,1991-11-16,0,0,0,,47,0,0,1,,,
"DaRon Brown","WR","KC",2552479,1991-09-21,0,0,0,,94,0,0,0,,,
"Damien Williams","RB","MIA",2550512,1992-04-03,3.3475,3.3475,3.3475,,46,1.125,0,1,69.7,8.4,6.35790302523201
"Damiere Byrd","WR","FA",2553499,1993-01-27,0,0,0,,94,0,0,0,,,
"Dan Bailey","K","DAL",2495259,1988-01-26,9.5,9.5,9.5,,4,0.399999999999999,0,4,10,4.3,6.11509804981362
"Dan Carpenter","K","BUF",2507401,1985-11-25,0,0,0,,25,0,0,7,,,
"Dan Orlovsky","QB","DET",2506481,1983-08-18,0,0,0,,27,0,0,10,,,
"Danny Amendola","WR","NE",2649,1985-11-02,0,0,0,,94,0,0,7,50.1,5.9,4.9713343980767
"Danny Woodhead","RB","SD",4327,1985-01-25,0,0,0,,55,0,0,7,,,
"Darius Jennings","WR","CLE",2553896,1992-06-28,0,0,0,,94,0,0,0,,,
"Darrel Young","RB","WAS",2507737,1987-04-08,0,0,0,,55,0,0,6,,,
"Darren Fells","TE","ARI",2540928,1986-04-22,2.3125,2.3125,2.3125,,37,0.0374999999999996,0,3,,,
"Darren McFadden","RB","DAL",284,1987-08-27,0,0,0,,55,0,0,7,,,
"Darren Sproles","RB","PHI",2506467,1983-06-20,7.4525,7.4525,7.4525,,24,0.0150000000000006,0,10,,,
"Darren Waller","TE","BAL",2552408,1992-09-13,0,0,0,,47,0,0,0,,,
"Darrin Reaves","RB","KC",2550596,1993-04-17,0,0,0,,55,0,0,1,,,
"Darrius Heyward-Bey","WR","PIT",80427,1987-02-26,0.9925,0.9925,0.9925,,91,0.26125,0,6,125.7,12.5,8.48491817667529
"Daryl Richardson","RB","PIT",2534789,1990-04-12,0,0,0,,55,0,0,3,,,
"Davante Adams","WR","GB",2543495,1992-12-24,10.1125,10.1125,10.1125,,33,0.0924999999999994,0,1,16.9,3.9,3.90661204092561
"David Cobb","RB","TEN",2552376,1993-06-03,0,0,0,,55,0,0,0,,,
"David Fales","QB","CHI",2543751,1990-10-04,0,0,0,,27,0,0,1,,,
"David Johnson","RB","ARI",2553435,1991-12-16,0,0,0,,55,0,0,0,,,
"David Johnson","TE","SD",79589,1987-08-26,0,0,0,,47,0,0,6,,,
"DeAndre Carter","WR","NE",2553502,1993-04-10,0,0,0,,94,0,0,0,,,
"DeAndre Hopkins","WR","HOU",2540165,1992-06-06,12.1875,12.1875,12.1875,,11,0.0749999999999993,0,2,2.7,1.3,2.5224729766292
"DeAndre Smelter","WR","SF",2552627,1991-12-03,0,0,0,,94,0,0,0,,,
"DeAngelo Williams","RB","PIT",2495979,1983-04-25,0,0,0,,55,0,0,9,,,
"DeAnthony Thomas","WR","KC",2543638,1993-01-05,0,0,0,,94,0,0,1,121.6,9.1,6.67489016951844
"DeMarco Murray","RB","PHI",2495207,1988-02-12,12.5075,12.5075,12.5075,,6,1.0575,0,4,,,
"DeSean Jackson","WR","WAS",1581,1986-12-01,10.25,10.25,10.25,,28,0.0562500000000004,0,7,,,
"DeVante Parker","WR","MIA",2552409,1993-01-20,11.4625,11.4625,11.4625,,17,0.0625,0,0,45.5,4.5,4.22602874807094
"Delanie Walker","TE","TEN",2495966,1984-08-12,8.425,8.425,8.425,,9,0.66875,0,9,4.4,1.4,2.97473430881901
"Demaryius Thomas","WR","DEN",497328,1987-12-25,11.9125,11.9125,11.9125,,14,0.143749999999999,0,5,29.2,3.5,3.69366756949539
"Demetrius Harris","TE","KC",2541187,1991-07-29,0,0,0,,47,0,0,2,51.4,3.5,4.07088326538604
"Denard Robinson","RB","JAC",2539260,1990-09-22,0,0,0,,55,0,0,2,,,
"Dennis Pitta","TE","BAL",497254,1985-06-29,0,0,0,,47,0,0,5,,,
"Deonte Thompson","WR","CHI",2534436,1989-02-14,3.925,3.925,3.925,,77,0.63375,0,3,,,
"Derek Anderson","QB","CAR",2506546,1983-06-15,0,0,0,,27,0,0,10,,,
"Derek Carr","QB","OAK",2543499,1991-03-28,19.09,19.09,19.09,,5,0.0299999999999976,0,1,14.9,2.8,4.79432112457136
"Derek Carrier","TE","WAS",2534241,1990-07-25,0,0,0,,47,0,0,3,,,
"Derrick Coleman","RB","SEA",2534871,1990-10-18,0,0,0,,55,0,0,3,,,
"Devin Funchess","WR","CAR",2552458,1994-05-21,7.2375,7.2375,7.2375,,60,0.0524999999999993,0,0,25.1,5,4.49220933735871
"Devin Smith","WR","NYJ",2553434,1992-03-03,0,0,0,,94,0,0,0,,,
"Devin Street","WR","DAL",2543641,1991-03-30,0,0,0,,94,0,0,1,,,
"Devonta Freeman","RB","ATL",2543583,1992-03-15,14.2,14.2,14.2,,3,0.612499999999999,1,1,10.4,2.5,3.06891896095954
"Dexter McCluster","RB","TEN",497190,1988-08-25,0,0,0,,55,0,0,5,,,
"Dez Bryant","WR","DAL",497278,1988-11-04,13.55,13.55,13.55,,8,0.249999999999998,0,5,14.9,3.4,3.64043145163784
"Dezmin Lewis","WR","BUF",2552411,1992-12-05,0,0,0,,94,0,0,0,,,
"Dion Lewis","RB","NE",2495469,1990-09-27,4.17,4.17,4.17,,45,1.38,0,4,16.1,2.8,3.2361554388039
"Dion Sims","TE","MIA",2540200,1991-02-18,4.125,4.125,4.125,,26,0.13125,0,2,,,
"Dolphins","DST","MIA",100019,,6.15,6.15,6.15,,21,0.175000000000001,0,45,31.8,0.9,-0.292556755735967
"Donte Moncrief","WR","IND",2543614,1993-08-06,8.425,8.425,8.425,,55,0.0800000000000018,0,1,,,
"Dorial Green-Beckham","WR","TEN",2552491,1993-04-12,0,0,0,,94,0,0,0,,,
"Doug Baldwin","WR","SEA",2530747,1988-09-21,13.125,13.125,13.125,,10,0.949999999999999,0,4,22.7,3.5,3.69366756949539
"Doug Martin","RB","TB",2532899,1989-01-13,0,0,0,,55,0,0,3,44.9,10.9,7.75154034060169
"Dreamius Smith","RB","SD",2553848,1992-09-08,0,0,0,,55,,0,0,,,
"Drew Brees","QB","NO",2504775,1979-01-15,19.69,19.69,19.69,,4,0.605,0,14,6.5,3,5.1682827162598
"Drew Stanton","QB","ARI",2495748,1984-05-07,0,0,0,,27,0,0,8,,,
"DuJuan Harris","RB","SF",2530690,1988-09-03,0,0,0,,55,0,0,4,,,
"Duke Johnson","RB","CLE",2552461,1993-09-23,8.235,8.235,8.235,,20,0.5075,0,0,34.9,3.6,3.6821193797222
"Dustin Hopkins","K","WAS",2539227,1990-10-01,8.4,8.4,8.4,,10,0.15,0,2,,,
"Dustin Vaughan","QB","PIT",2550410,1991-01-27,0,0,0,,27,0,0,1,,,
"Dwayne Allen","TE","IND",2533046,1990-02-24,6.25,6.25,6.25,,18,0.11875,0,3,,,
"E.J. Bibbs","TE","CLE",2553791,1991-08-28,0,0,0,,47,0,0,0,,,
"E.J. Manuel","QB","BUF",2539228,1990-03-19,0,0,0,,27,0,0,2,,,
"Eagles","DST","PHI",100025,,5.8,5.8,5.8,,23,0.374999999999999,0,45,15.1,3.9,5.57357757943937
"Ed Dickson","TE","CAR",497224,1987-07-25,0.925,0.925,0.925,,46,0.925,0,5,35.2,6.1,5.42802006875475
"Eddie Lacy","RB","GB",2540168,1990-06-02,0,0,0,,55,0,0,2,,,
"Eddie Royal","WR","CHI",1990,1986-05-21,0,0,0,,94,0,0,7,,,
"Eli Manning","QB","NYG",2505996,1981-01-03,14.42,14.42,14.42,,18,0.209999999999999,0,11,26.2,3.1,5.35526351210401
"Emmanuel Sanders","WR","DEN",497322,1987-03-17,10.8025,10.8025,10.8025,,24,0.3325,0,5,38,4.2,4.06632039449828
"Eric Decker","WR","NYJ",497284,1987-03-15,8.45,8.45,8.45,,53,0.0187499999999989,0,5,,,
"Eric Ebron","TE","DET",2543466,1993-04-10,7.2125,7.2125,7.2125,,14,0.48125,0,1,21.8,2.7,3.65330271050336
"Eric Weems","WR","ATL",2507029,1985-07-04,0,0,0,,94,0,0,8,,,
"Erik Swoope","TE","IND",2550405,1992-05-08,0,0,0,,47,0,0,1,,,
"Falcons","DST","ATL",100001,,6.4,6.4,6.4,,15,0.0500000000000007,0,45,28.7,3.1,4.00927509005928
"Fitzgerald Toussaint","RB","PIT",2550738,1990-05-04,0,0,0,,55,0,0,1,,,
"Fozzy Whittaker","RB","CAR",2540037,1989-02-22,1.8675,1.8675,1.8675,,50,0.16625,0,3,105,19.3,12.4341617202439
"Frank Gore","RB","IND",2506404,1983-05-14,7.425,7.425,7.425,,26,0.0812500000000007,0,10,24.6,4,3.90510135018135
"Frankie Hammond","WR","KC",2541828,1990-02-17,0,0,0,,94,0,0,2,,,
"Freddie Martino","WR","PHI",2550223,1991-09-07,0,0,0,,94,0,0,1,,,
"Gabe Holmes","TE","OAK",2553658,1991-03-29,0,0,0,,47,0,0,0,,,
"Garrett Celek","TE","SF",2534820,1988-05-29,2.1,2.1,2.1,,41,0.2,0,3,31.1,4.1,4.38406868154805
"Garrett Gilbert","QB","OAK",2549982,1991-07-01,0,0,0,,27,0,0,1,,,
"Garrett Graham","TE","HOU",497234,1986-08-04,0,0,0,,47,0,0,5,,,
"Gary Barnidge","TE","CLE",1060,1985-09-22,0,0,0,,47,0,0,7,,,
"Gavin Escobar","TE","DAL",2540211,1991-02-03,0,0,0,,47,0,0,2,,,
"Geno Smith","QB","NYJ",2539335,1990-10-10,0,0,0,,27,0,0,2,,,
"Geoff Swaim","TE","DAL",2553454,1993-09-16,0,0,0,,47,0,0,0,62.8,16.6,10.9087648515899
"George Atkinson","RB","OAK",2550540,1992-11-29,0,0,0,,55,0,0,1,,,
"George Farmer","RB","SEA",2553767,1993-07-04,0,0,0,,55,0,0,0,,,
"Gerald Christian","TE","ARI",2552462,1991-08-26,0,0,0,,47,0,0,0,,,
"Geremy Davis","WR","NYG",2552654,1992-01-10,0,0,0,,94,0,0,0,,,
"Giants","DST","NYG",100023,,12.15,12.15,12.15,,5,0.15,0,45,25.7,4.3,6.35572882412941
"Giovani Bernard","RB","CIN",2540156,1991-11-22,7.32,7.32,7.32,,28,0.0512499999999996,0,2,22.1,7.9,6.07917556215807
"Golden Tate","WR","DET",497326,1988-08-02,10.9675,10.9675,10.9675,,21,0.106249999999999,0,5,17.4,2.7,3.26777862663496
"Graham Gano","K","CAR",71309,1987-04-09,8.8,8.8,8.8,,8,0.25,0,6,18.5,3.6,4.86618823402237
"Greg Olsen","TE","CAR",2495700,1985-03-11,10.55,10.55,10.55,,4,0.543749999999999,0,8,18.8,3,3.80989541858437
"Greg Zuerlein","K","STL",2534797,1987-12-27,8.3,8.3,8.3,,12,0.199999999999999,0,3,,,
"Harry Douglas","WR","TEN",222,1984-09-16,0,0,0,,94,0,0,7,,,
"Ifeanyi Momah","TE","ARI",2541096,1989-10-23,0,0,0,,47,0,0,2,,,
"Isaiah Burse","WR","SD",2550182,1991-12-08,0,0,0,,94,0,0,1,,,
"Isaiah Crowell","RB","CLE",2550189,1993-01-08,7.285,7.285,7.285,,29,0.0999999999999996,0,1,30.7,3.1,3.40339191664826
"J.J. Nelson","WR","ARI",2552656,1992-04-24,9.9775,9.9775,9.9775,,35,0.21125,0,0,67,4.9,4.43897321950116
"Jace Amaro","TE","NYJ",2543481,1992-06-26,0,0,0,,47,0,0,1,,,
"Jack Doyle","TE","IND",2540232,1990-05-05,5.4,5.4,5.4,,23,0.5625,0,2,7.6,1.8,3.18352458626035
"Jacob Tamme","TE","ATL",324,1985-03-15,0,0,0,,47,0,0,7,,,
"Jacquizz Rodgers","RB","CHI",2495471,1990-02-06,8.5225,8.5225,8.5225,,17,0.168750000000001,0,4,,,
"Jaguars","DST","JAC",100015,,6.7,6.7,6.7,,12,0.125000000000001,0,45,2.5,1.8,1.46728354481663
"Jake Kumerow","WR","CIN",2553548,1992-02-17,0,0,0,,94,0,0,0,,,
"Jake Stoneburner","TE","MIA",2539283,1989-08-25,0,0,0,,47,0,0,2,,,
"Jalston Fowler","RB","TEN",2552464,1990-07-26,0,0,0,,55,0,0,0,,,
"Jamaal Charles","RB","KC",925,1986-12-27,7.1175,7.1175,7.1175,,31,0.185,0,7,,,
"Jameis Winston","QB","TB",2552033,1994-01-06,19.08,19.08,19.08,,6,0.32,0,0,11.3,3,5.1682827162598
"James Develin","RB","NE",2508101,1988-07-23,0,0,0,,55,0,0,5,84.5,9.5,6.97110344399467
"James Hanna","TE","DAL",2533028,1989-07-14,0,0,0,,47,0,0,3,75.3,7.4,6.1065884704391
"James Starks","RB","GB",497206,1986-02-25,0,0,0,,55,0,0,5,,,
"James White","RB","NE",2543773,1992-02-03,10.9225,10.9225,10.9225,,8,0.338749999999999,0,1,52.3,4.4,4.1280833206405
"James Wright","WR","CIN",2550162,1991-12-31,0,0,0,,94,0,0,1,,,
"Jamison Crowder","WR","WAS",2552415,1993-06-17,9.6375,9.6375,9.6375,,40,0.116249999999999,0,0,21.9,4,3.95984815878317
"Jamize Olawale","RB","OAK",2536044,1989-04-17,0,0,0,,55,0,0,3,81.7,5.4,4.68553824678838
"Jared Abbrederis","WR","GB",2543774,1990-12-17,0,0,0,,94,0,0,1,,,
"Jared Cook","TE","STL",71265,1987-04-07,7.225,7.225,7.225,,13,0.225,0,6,,,
"Jarius Wright","WR","MIN",2532978,1989-11-25,2.9,2.9,2.9,,81,0.2625,0,3,94,7.4,5.76987616594002
"Jaron Brown","WR","ARI",2541966,1990-01-08,8.7875,8.7875,8.7875,,49,0.0875000000000004,0,2,76.8,7.6,5.87634840165513
"Jarvis Landry","WR","MIA",2543488,1992-11-28,10.315,10.315,10.315,,27,0.0650000000000013,0,1,21.4,3.7,3.8001398052105
"Jason Witten","TE","DAL",2505629,1982-05-06,6.35,6.35,6.35,,17,0.1375,0,12,8.7,2.2,3.39231486370169
"Javontee Herndon","WR","SD",2550459,1991-06-29,0,0,0,,94,0,0,1,,,
"Javorius Allen","RB","BAL",2552631,1991-08-27,8.405,8.405,8.405,,18,0.13625,0,0,64.9,4.3,4.07233782802571
"Jay Ajayi","RB","MIA",2552582,1993-06-15,13.14,13.14,13.14,,5,0.897500000000001,1,0,,,
"Jay Cutler","QB","CHI",2495824,1983-04-29,17,17,17,,10,0.0899999999999963,0,9,,,
"Jay Prosch","RB","HOU",2543695,1992-08-21,0,0,0,,55,0,0,1,,,
"Jeff Cumberland","TE","NYJ",2507883,1987-05-02,0,0,0,,47,0,0,5,,,
"Jeff Heuerman","TE","DEN",2552399,1992-11-24,2.5875,2.5875,2.5875,,36,0.287500000000001,0,0,65.3,18.3,11.7961235307156
"Jeff Janis","WR","GB",2543750,1991-06-09,1.505,1.505,1.505,,89,0.44625,0,1,120.5,13.5,9.01727935525084
"Jeremy Hill","RB","CIN",2543603,1992-10-20,6.54,6.54,6.54,,35,0.1325,0,1,,,
"Jeremy Kerley","WR","NYJ",2495189,1988-11-30,4.8375,4.8375,4.8375,,71,0.48125,0,4,,,
"Jeremy Langford","RB","CHI",2552379,1991-12-06,0,0,0,,55,0,0,0,,,
"Jeremy Maclin","WR","KC",80429,1988-05-11,9.4525,9.4525,9.4525,,43,0.130000000000001,0,6,,,
"Jerick McKinnon","RB","MIN",2543715,1992-05-03,4.98,4.98,4.98,,43,1.22125,0,1,28.8,3.5,3.62637388710741
"Jermaine Gresham","TE","ARI",497238,1988-06-16,0,0,0,,47,0,0,5,37.8,5.6,5.16703222195307
"Jermaine Kearse","WR","SEA",2532887,1990-02-06,7.975,7.975,7.975,,59,0.75625,0,3,,,
"Jerome Cunningham","TE","NYG",2551359,1991-05-25,0,0,0,,47,0,0,1,,,
"Jerome Felton","RB","BUF",230,1986-07-03,0,0,0,,55,0,0,7,,,
"Jesse James","TE","PIT",2552633,1994-06-04,6.7875,6.7875,6.7875,,15,0.274999999999999,0,0,28,3.3,3.96648812666537
"Jets","DST","NYJ",100024,,4.85,4.85,4.85,,28,0.424999999999999,0,45,11.5,3.8,5.37803976826685
"Jim Dray","TE","CLE",497226,1986-12-31,0,0,0,,47,0,0,5,,,
"Jimmy Garoppolo","QB","NE",2543801,1991-11-02,0,0,0,,27,0,0,1,,,
"Jimmy Graham","TE","SEA",497236,1986-11-24,12.4375,12.4375,12.4375,,2,1.6625,1,5,3.2,1.8,3.18352458626035
"Joe Banyard","RB","JAC",2535696,1988-11-22,0,0,0,,55,0,0,3,,,
"Joe Flacco","QB","BAL",382,1985-01-16,14.57,14.57,14.57,,16,0.0800000000000001,0,7,31,1.7,2.73753237028497
"Joe Webb","QB","CAR",1037347,1986-11-14,0,0,0,,27,0,0,5,,,
"John Brown","WR","ARI",2543847,1990-04-03,0,0,0,,94,0,0,1,,,
"John Kuhn","RB","GB",2506147,1982-09-09,0,0,0,,55,0,0,9,,,
"John Phillips","TE","SD",71435,1987-06-11,0,0,0,,47,0,0,6,,,
"Johnny Manziel","QB","CLE",2543462,1992-12-06,0,0,0,,27,0,0,1,,,
"Joique Bell","RB","DET",497145,1986-08-04,0,0,0,,55,0,0,5,,,
"Jonathan Krause","WR","PHI",2550216,1992-01-18,0,0,0,,94,0,0,1,,,
"Jonathan Stewart","RB","CAR",949,1987-03-21,6.985,6.985,6.985,,32,0.25875,0,7,43.3,2.9,3.29190093141869
"Jordan Gay","K","BUF",2542060,1990-03-29,0,0,0,,25,0,0,2015,,,
"Jordan Matthews","WR","PHI",2543500,1992-07-16,9.575,9.575,9.575,,41,0.114999999999998,0,1,,,
"Jordan Norwood","WR","DEN",71417,1986-09-28,0,0,0,,94,0,0,6,,,
"Jordan Reed","TE","WAS",2540160,1990-07-03,11,11,11,,3,0.606250000000001,1,2,,,
"Jordan Taylor","WR","FA",2553606,1992-02-18,0,0,0,,94,0,0,0,,,
"Jordan Todman","RB","PIT",2495472,1990-02-24,0,0,0,,55,0,0,4,,,
"Jordy Nelson","WR","GB",1032,1985-05-31,14.45,14.45,14.45,,5,0.324999999999999,0,7,50.5,5.3,4.65191769093137
"Josh Bellamy","WR","CHI",2535964,1989-05-18,4.5125,4.5125,4.5125,,72,0.33125,0,3,100,6.5,5.29075110522203
"Josh Hill","TE","NO",2541834,1990-05-21,3.7375,3.7375,3.7375,,30,0.1875,0,2,33.9,5.7,5.21922979131341
"Josh Huff","WR","PHI",2543746,1991-10-14,0,0,0,,94,0,0,1,,,
"Josh Johnson","QB","BUF",264,1986-05-15,0,0,0,,27,0,0,7,,,
"Josh Lambo","K","SD",2553833,1990-11-19,0,0,0,,25,,0,0,,,
"Josh McCown","QB","CLE",2505076,1979-07-04,7.65,7.65,7.65,,25,4.42,0,13,,,
"Julian Edelman","WR","NE",238498,1986-05-22,0,0,0,,94,0,0,6,,,
"Julio Jones","WR","ATL",2495454,1989-02-03,16.375,16.375,16.375,,1,1.22,1,4,6,2.8,3.32101474449251
"Julius Thomas","TE","JAC",2495353,1988-06-27,7.6125,7.6125,7.6125,,11,0.293750000000001,0,4,,,
"Justin Forsett","RB","BAL",927,1985-10-14,0,0,0,,55,0,0,7,,,
"Justin Hardy","WR","ATL",2552418,1991-12-18,2.475,2.475,2.475,,84,0.3875,0,0,102,6.7,5.39722334093714
"Justin Tucker","K","BAL",2536340,1989-11-21,12.3,12.3,12.3,,1,1.9,1,3,9.1,5.2,7.72083924154523
"Juwan Thompson","RB","DEN",2550263,1992-05-13,0,0,0,,55,0,0,1,,,
"KaDeem Carey","RB","CHI",2543551,1992-10-30,0,0,0,,55,0,0,1,,,
"Kai Forbath","K","NO",2495150,1987-09-02,7.4,7.4,7.4,,20,0.35,0,4,,,
"Kapri Bibbs","RB","FA",2550542,1993-01-10,0,0,0,,55,0,0,1,,,
"Kasen Williams","WR","SEA",2554138,1992-05-20,0,0,0,,94,,0,0,,,
"Keenan Allen","WR","SD",2540154,1992-04-27,11.4,11.4,11.4,,18,0.41,0,2,,,
"Keith Wenning","QB","CIN",2543784,1991-02-14,0,0,0,,27,0,0,1,,,
"Kellen Clemens","QB","SD",2506895,1983-06-06,0,0,0,,27,0,0,9,,,
"Kellen Davis","TE","NYJ",2507486,1985-10-11,0,0,0,,47,0,0,7,,,
"Kellen Moore","QB","DAL",2532917,1989-07-12,0,0,0,,27,0,0,3,,,
"Kelvin Benjamin","WR","CAR",2543471,1991-02-05,11.0125,11.0125,11.0125,,20,0.0812499999999972,0,1,,,
"Kenbrell Thompkins","WR","NYJ",2539214,1988-07-29,0,0,0,,94,0,0,2,,,
"Kendall Wright","WR","TEN",2532977,1989-11-12,9.7125,9.7125,9.7125,,37,0.03125,0,3,,,
"Kenjon Barner","RB","PHI",2539289,1989-04-28,0,0,0,,55,0,0,2,97,11.3,7.97452231106085
"Kenny Britt","WR","STL",71217,1988-09-19,9.05,9.05,9.05,,46,0.237500000000001,0,6,,,
"Kenny Stills","WR","MIA",2540202,1992-04-22,8.4375,8.4375,8.4375,,54,0.0174999999999983,0,2,36.9,5.1,4.54544545521627
"Kerwynn Williams","RB","ARI",2539980,1991-06-09,8.3025,8.3025,8.3025,,19,0.318749999999998,0,2,36.1,5.1,4.51830176894401
"Keshawn Martin","WR","NE",2532900,1990-03-15,0,0,0,,94,0,0,3,,,
"Kevin Norwood","WR","CAR",2543689,1989-09-23,0,0,0,,94,0,0,1,,,
"Kevin White","WR","CHI",2553432,1992-06-25,0,0,0,,94,0,0,0,,,
"Khari Lee","TE","CHI",2553552,1992-01-16,0,0,0,,47,0,0,0,,,
"Khiry Robinson","RB","NO",2542022,1989-12-28,0,0,0,,55,0,0,2,,,
"Kirk Cousins","QB","WAS",2532820,1988-08-19,14.35,14.35,14.35,,19,0.575000000000001,0,3,14.3,3,5.1682827162598
"Knile Davis","RB","KC",2540178,1991-10-05,0,0,0,,55,0,0,2,,,
"Kyle Juszczyk","RB","BAL",2540230,1991-04-23,0,0,0,,55,0,0,2,,,
"Kyle Rudolph","TE","MIN",2495438,1989-11-09,9.575,9.575,9.575,,7,0.712499999999999,0,4,9.6,1.5,3.02693187817935
"Ladarius Green","TE","SD",2532853,1990-05-29,0,0,0,,47,0,0,3,,,
"Lamar Miller","RB","MIA",2533034,1991-04-25,8.6925,8.6925,8.6925,,16,0.22875,0,3,,,
"Lance Dunbar","RB","DAL",2535708,1990-01-25,0,0,0,,55,0,0,3,,,
"Lance Kendricks","TE","STL",2495187,1988-01-30,4.425,4.425,4.425,,25,0.362500000000001,0,4,,,
"Landry Jones","QB","PIT",2539287,1989-04-04,0,0,0,,27,0,0,2,,,
"Larry Donnell","TE","NYG",2537933,1988-11-01,0,0,0,,47,0,0,3,,,
"Larry Fitzgerald","WR","ARI",2506106,1983-08-31,12.0625,12.0625,12.0625,,13,0.168749999999999,0,11,10.6,2.9,3.37425086235007
"Latavius Murray","RB","OAK",2541161,1990-01-18,2.2325,2.2325,2.2325,,47,0.10875,0,2,,,
"LeGarrette Blount","RB","NE",497149,1986-12-05,7.2525,7.2525,7.2525,,30,0.20125,0,5,,,
"LeSean McCoy","RB","BUF",79607,1988-07-12,15.3,15.3,15.3,,2,1.1825,1,6,4.2,1.8,2.67870051265602
"LeVeon Bell","RB","PIT",2540175,1992-02-18,16.255,16.255,16.255,,1,1.505,1,2,1.2,0.5,1.95400910866379
"Lee Smith","TE","OAK",2495347,1987-11-21,0,0,0,,47,0,0,4,68.6,6.1,5.42802006875475
"Levine Toilolo","TE","ATL",2540203,1991-07-30,1.8,1.8,1.8,,43,0.7875,0,2,48.1,4.1,4.38406868154805
"Lions","DST","DET",100010,,5.05,5.05,5.05,,27,0.274999999999999,0,45,17.2,3.3,4.4003507124043
"Logan Paulsen","TE","WAS",2507828,1987-02-26,0,0,0,,47,0,0,5,,,
"Logan Thomas","TE","MIA",2543767,1991-07-01,0,0,0,,47,0,0,1,,,
"Lorenzo Taliaferro","RB","BAL",2543704,1991-12-23,0,0,0,,55,0,0,1,,,
"Louis Murphy","WR","TB",80670,1987-05-11,0,0,0,,94,0,0,6,,,
"Lucky Whitehead","WR","DAL",2553621,1992-06-02,0,0,0,,94,0,0,0,,,
"Luke McCown","QB","NO",2506053,1981-07-12,0,0,0,,27,0,0,11,,,
"Luke Stocker","TE","TB",2495234,1988-07-17,0,0,0,,47,0,0,4,,,
"Luke Willson","TE","SEA",2541199,1990-01-15,1.0875,1.0875,1.0875,,44,0.15625,0,2,68.8,4.2,4.43626625090838
"Malcolm Johnson","RB","CLE",2553446,1992-08-11,0,0,0,,55,0,0,0,,,
"MarQueis Gray","TE","BUF",2540259,1990-11-07,0,0,0,,47,0,0,2,,,
"Marc Mariani","WR","CHI",1037885,1987-05-02,0,0,0,,94,0,0,5,,,
"Marcedes Lewis","TE","JAC",2495888,1984-05-19,2,2,2,,42,0.55625,0,9,28.1,3.4,4.01868569602571
"Marcel Reece","RB","OAK",4433,1985-06-23,0,0,0,,55,0,0,7,,,
"Marcus Mariota","QB","TEN",2552466,1993-10-30,17.3,17.3,17.3,,9,0.305,0,0,17.4,2.8,4.79432112457136
"Mario Alford","WR","CIN",2552650,1992-02-25,0,0,0,,94,0,0,0,,,
"Mark Ingram","RB","NO",2495466,1989-12-21,10.035,10.035,10.035,,11,0.231249999999999,0,4,7.3,3.5,3.62637388710741
"Mark Sanchez","QB","PHI",79858,1986-11-11,0,0,0,,27,0,0,6,,,
"Marqise Lee","WR","JAC",2543475,1991-11-25,10.1325,10.1325,10.1325,,31,0.0137500000000017,0,1,32.5,4.2,4.06632039449828
"Marquise Goodwin","WR","BUF",2539964,1990-11-19,7.17,7.17,7.17,,62,0.0612500000000002,0,2,,,
"Marshawn Lynch","RB","SEA",2495663,1986-04-22,11.9775,11.9775,11.9775,,7,1.19625,0,8,,,
"Martavis Bryant","WR","PIT",2543572,1991-12-20,10.1375,10.1375,10.1375,,30,0.00874999999999915,0,1,38.3,4.9,4.43897321950116
"Martellus Bennett","TE","CHI",1062,1987-03-10,9.3,9.3,9.3,,8,1.1375,0,7,,,
"Marvin Jones","WR","CIN",2532884,1990-03-12,8.6625,8.6625,8.6625,,51,0.113750000000001,0,3,,,
"Mason Crosby","K","GB",2507232,1984-09-03,9.1,9.1,9.1,,5,0.100000000000001,0,8,17,4.7,6.82876080169434
"Matt Asiata","RB","MIN",2495258,1987-07-24,0,0,0,,55,0,0,4,,,
"Matt Barkley","QB","ARI",2539308,1990-09-08,0,0,0,,27,0,0,2,,,
"Matt Bryant","K","ATL",2504797,1975-05-29,10.4,10.4,10.4,,3,1.1,0,13,5.2,3.6,4.86618823402237
"Matt Cassel","QB","DAL",2506562,1982-05-17,0,0,0,,27,0,0,10,,,
"Matt Forte","RB","CHI",234,1985-12-10,7.3675,7.3675,7.3675,,27,0.0649999999999995,0,7,,,
"Matt Hazel","WR","MIA",2543792,1992-01-23,0,0,0,,94,0,0,1,,,
"Matt Jones","RB","WAS",2552635,1992-11-17,0,0,0,,55,0,0,0,,,
"Matt LaCosse","TE","NYG",2553667,1992-09-21,0,0,0,,47,0,0,0,,,
"Matt McGloin","QB","OAK",2542065,1989-12-02,0,0,0,,27,0,0,2,,,
"Matt Moore","QB","MIA",2507282,1984-08-09,0,0,0,,27,0,0,8,,,
"Matt Prater","K","DET",2506677,1984-08-10,7.1,7.1,7.1,,21,0.4,0,9,7.6,3.5,4.68777254605219
"Matt Ryan","QB","ATL",310,1985-05-17,19.7,19.7,19.7,,3,0.309999999999999,0,7,9.6,3.9,6.85110987885775
"Matt Schaub","QB","BAL",2505982,1981-06-25,0,0,0,,27,0,0,11,,,
"Matt Simms","QB","ATL",2534889,1988-09-27,0,0,0,,27,0,0,3,,,
"Matt Slater","WR","NE",4487,1985-09-09,0,0,0,,94,0,0,7,133,14,9.28345994453861
"Matthew Stafford","QB","DET",79860,1988-02-07,15.43,15.43,15.43,,15,0.865,0,6,8.8,3,5.1682827162598
"Maxx Williams","TE","BAL",2552468,1994-04-12,0.9375,0.9375,0.9375,,45,0.475,0,0,57.9,4.6,4.64505652834972
"Melvin Gordon","RB","SD",2552469,1993-04-13,14.035,14.035,14.035,,4,1.21125,1,0,,,
"Michael Campanaro","WR","BAL",2550163,1991-01-25,3.225,3.225,3.225,,79,0.21375,0,1,128.9,6.4,5.23751498736447
"Michael Crabtree","WR","OAK",71269,1987-09-14,11.6625,11.6625,11.6625,,16,0.231249999999999,0,6,12.9,3.8,3.85337592306806
"Michael Hoomanawanui","TE","NO",497246,1988-07-04,0,0,0,,47,0,0,5,51.5,5.7,5.21922979131341
"Michael Williams","TE","NE",2539197,1990-09-08,0,0,0,,47,0,0,2,,,
"Mike Evans","WR","TB",2543468,1993-08-21,14.4,14.4,14.4,,6,0.699999999999999,0,1,11.2,2.8,3.32101474449251
"Mike Gillislee","RB","BUF",2539663,1990-11-01,9.77,9.77,9.77,,14,0.90875,0,2,,,
"Mike Glennon","QB","TB",2539275,1989-12-12,11.09,11.09,11.09,,22,1.54,0,2,,,
"Mike James","RB","TB",2540224,1991-04-13,0,0,0,,55,0,0,2,,,
"Mike Nugent","K","CIN",2506386,1982-03-02,0,0,0,,25,0,0,10,,,
"Mike Tolbert","RB","CAR",2507428,1985-11-23,5.615,5.615,5.615,,40,0.262499999999999,0,7,,,
"Mike Wallace","WR","MIN",2507763,1986-08-01,8.8125,8.8125,8.8125,,47,0.0124999999999993,0,6,,,
"Mohamed Sanu","WR","CIN",2533040,1989-08-22,8.415,8.415,8.415,,56,0.227500000000001,0,3,,,
"Mychal Rivera","TE","OAK",2539995,1990-09-08,0,0,0,,47,0,0,2,,,
"Myles White","WR","NYG",2541905,1990-03-30,0,0,0,,94,0,0,2,,,
"Neal Sterling","TE","JAC",2553451,1992-01-14,0,0,0,,47,0,0,0,,,
"Nelson Agholor","WR","PHI",2552600,1993-05-24,8.7375,8.7375,8.7375,,50,0.0825000000000014,0,0,37.6,4.3,4.11955651235583
"Nick Boyle","TE","BAL",2552402,1993-02-17,3.275,3.275,3.275,,33,0.34375,0,0,51.3,4,4.33187111218771
"Nick Foles","QB","STL",2532842,1989-01-20,0,0,0,,27,0,0,3,,,
"Nick Folk","K","NYJ",2507225,1984-11-05,8,8,8,,14,0.0999999999999996,0,8,,,
"Nick Novak","K","HOU",2506194,1981-08-21,0,0,0,,25,0,0,2015,,,
"Nick OLeary","TE","BUF",2552403,1992-08-31,0,0,0,,47,0,0,0,53.1,10,7.4637252738078
"Nick Williams","WR","ATL",2540279,1990-11-23,0,0,0,,94,0,0,2,,,
"Niles Paul","TE","WAS",2495211,1989-08-09,0,0,0,,47,0,0,4,32.2,5,4.85384680579106
"Odell Beckham","WR","NYG",2543496,1992-11-05,13.475,13.475,13.475,,9,0.818750000000001,0,1,,,
"Orleans Darkwa","RB","NYG",2550481,1992-02-28,0.855,0.855,0.855,,53,0.57,0,1,28.7,3.8,3.79361036495178
"Orson Charles","TE","FA",2533047,1991-01-27,0,0,0,,47,0,0,3,,,
"Packers","DST","GB",100011,,6.2,6.2,6.2,,18,0.0499999999999998,0,45,6.8,3.1,4.00927509005928
"Panthers","DST","CAR",100004,,12.8,12.8,12.8,,3,0.5,1,45,19.6,3.8,5.37803976826685
"Patrick DiMarco","RB","ATL",2530763,1989-04-30,0,0,0,,55,0,0,4,,,
"Patrick Murray","K","TB",2543533,1991-06-22,0,0,0,,25,0,0,1,19.2,4.2,5.93668236184344
"Patriots","DST","NE",100021,,6.15,6.15,6.15,,21,0.45,0,45,2.5,2.9,3.61819946771426
"Paul Richardson","WR","SEA",2543491,1992-04-13,5.9075,5.9075,5.9075,,70,1.2325,0,1,54,3.6,3.74690368735295
"Phil Dawson","K","SF",2500351,1975-01-23,8.4,8.4,8.4,,10,0.0499999999999989,0,17,,,
"Philip Rivers","QB","SD",2506121,1981-12-08,16.09,16.09,16.09,,13,0.634999999999998,0,11,,,
"Phillip Supernaw","TE","TEN",2535535,1990-01-30,0,0,0,,47,0,0,3,70.6,3.7,4.17527840410671
"Pierre Garcon","WR","WAS",2346,1986-08-08,9.4125,9.4125,9.4125,,44,0.27125,0,7,,,
"Quan Bray","WR","IND",2553467,1993-04-28,0,0,0,,94,0,0,0,,,
"Quincy Enunwa","WR","NYJ",2543828,1992-05-31,0,0,0,,94,0,0,1,,,
"Raheem Mostert","RB","CLE",2553728,1992-04-09,0,0,0,,55,0,0,0,,,
"Raiders","DST","OAK",100018,,12.1,12.1,12.1,,6,0.275,0,45,28.3,3.5,4.79142633474932
"Randall Cobb","WR","GB",2495448,1990-08-22,10.895,10.895,10.895,,22,0.0800000000000001,0,4,54.7,4.5,4.22602874807094
"Randall Telfer","TE","CLE",2552660,1992-05-16,0,0,0,,47,0,0,0,,,
"Randy Bullock","K","NYJ",2533444,1989-12-16,7.7,7.7,7.7,,18,0.199999999999999,0,3,,,
"Rannell Hall","WR","CLE",2553716,1993-01-30,0,0,0,,94,0,0,0,,,
"Rashad Greene","WR","JAC",2552425,1992-09-23,0,0,0,,94,0,0,0,,,
"Rashad Jennings","RB","NYG",71345,1985-03-26,0,0,0,,55,0,0,6,,,
"Rashad Lawrence","WR","JAC",2550524,1992-06-10,0,0,0,,94,0,0,1,,,
"Rashad Ross","WR","WAS",2541940,1990-02-02,0,0,0,,94,0,0,2,,,
"Rasheed Bailey","WR","JAC",2553692,1993-07-29,0,0,0,,94,0,0,0,,,
"Ravens","DST","BAL",100002,,13.05,13.05,13.05,,2,0.425000000000001,1,45,14.4,3.6,4.98696414592183
"Redskins","DST","WAS",100032,,6.35,6.35,6.35,,16,0.149999999999999,0,45,29.7,1.9,1.66282135598914
"Reggie Bush","RB","SF",2506874,1985-03-02,0,0,0,,55,0,0,9,,,
"Rex Burkhead","RB","CIN",2539265,1990-07-02,6.275,6.275,6.275,,38,0.355,0,2,,,
"Rhett Ellison","RB","MIN",2532835,1988-10-03,2.2125,2.2125,2.2125,,48,0.26125,0,3,,,
"Rhett Ellison","TE","MIN",2532835,1988-10-03,2.2125,2.2125,2.2125,,40,0.162500000000001,0,3,,,
"Richard Rodgers","TE","GB",2550313,1992-01-22,3.1125,3.1125,3.1125,,34,0.44375,0,1,44.1,5.4,5.0626370832324
"Rishard Matthews","WR","MIA",2532903,1989-10-12,10.0625,10.0625,10.0625,,34,0.16375,0,3,,,
"Rob Gronkowski","TE","NE",497240,1989-05-14,13.2125,13.2125,13.2125,,1,1.49375,1,5,,,
"Rob Housler","TE","CHI",2508112,1988-03-17,0,0,0,,47,0,0,4,,,
"Robbie Gould","K","CHI",2506264,1982-12-06,6.4,6.4,6.4,,23,3.25,0,10,,,
"Robert Griffin","QB","WAS",2533033,1990-02-12,0,0,0,,27,0,0,3,,,
"Robert Turbin","RB","DAL",2533460,1989-12-02,6.225,6.225,6.225,,39,0.696249999999999,0,3,,,
"Robert Woods","WR","BUF",2540169,1992-04-10,8.8125,8.8125,8.8125,,47,0.0500000000000007,0,2,,,
"Rod Smith","RB","DAL",2553743,1992-01-10,0,0,0,,55,0,0,0,42.3,4.4,4.1280833206405
"Rodney Smith","WR","DAL",2539674,1990-03-11,0,0,0,,94,0,0,2,,,
"Ronnie Hillman","RB","DEN",2533437,1991-09-14,0,0,0,,55,0,0,3,,,
"Roosevelt Nix","RB","PIT",2550235,1992-03-30,0,0,0,,55,0,0,1,,,
"Russell Shepard","WR","TB",2541944,1990-11-17,4.005,4.005,4.005,,76,0.36375,0,2,,,
"Russell Wilson","QB","SEA",2532975,1988-11-29,19.04,19.04,19.04,,7,1.15,0,3,6.9,2.6,4.42035953288293
"Ryan Fitzpatrick","QB","NYJ",2506581,1982-11-24,0,0,0,,27,0,0,10,,,
"Ryan Grant","WR","WAS",2543759,1990-12-19,4.2,4.2,4.2,,73,0.0875000000000004,0,1,64.6,6.3,5.18427886950692
"Ryan Griffin","QB","TB",2541185,1989-11-17,0,0,0,,27,0,0,2,,,
"Ryan Griffin","TE","HOU",2541316,1990-01-11,0,0,0,,47,0,0,2,,,
"Ryan Hewitt","TE","CIN",2550206,1991-01-24,0,0,0,,47,0,0,1,,,
"Ryan Mallett","QB","BAL",2495443,1988-06-05,0,0,0,,27,0,0,4,,,
"Ryan Mathews","RB","PHI",497188,1987-10-10,0,0,0,,55,0,0,5,,,
"Ryan Nassib","QB","NYG",2539961,1990-03-10,0,0,0,,27,0,0,2,,,
"Ryan Succop","K","TEN",89802,1986-09-19,7.9,7.9,7.9,,15,0.0499999999999998,0,6,12.5,3.2,4.15252548214165
"Ryan Tannehill","QB","MIA",2532956,1988-07-27,0,0,0,,27,0,0,3,,,
"Saints","DST","NO",100022,,4.7,4.7,4.7,,29,0.55,0,45,20.3,4.2,6.1601910129569
"Sam Bradford","QB","PHI",497095,1987-11-08,0,0,0,,27,0,0,5,,,
"Sammie Coates","WR","PIT",2552470,1993-03-31,2.575,2.575,2.575,,83,0.20625,0,0,,,
"Sammy Watkins","WR","BUF",2543457,1993-06-14,11.875,11.875,11.875,,15,0.3125,0,1,,,
"Scott Tolzien","QB","GB",2495425,1987-09-04,0,0,0,,27,0,0,4,,,
"Seahawks","DST","SEA",100030,,13.6,13.6,13.6,,1,0.675000000000001,1,45,7,3.8,5.37803976826685
"Sean Renfree","QB","ATL",2540263,1990-04-28,0,0,0,,27,0,0,2,,,
"Sebastian Janikowski","K","OAK",2504257,1978-03-02,0,0,0,,25,0,0,15,,,
"Senorise Perry","RB","CHI",2550633,1991-09-19,0,0,0,,55,0,0,1,,,
"Seth Roberts","WR","OAK",2550597,1991-02-22,6.325,6.325,6.325,,65,0.0687500000000005,0,1,63.2,7.3,5.71664004808246
"Shane Vereen","RB","NYG",2495473,1989-03-02,7.7225,7.7225,7.7225,,22,0.19125,0,4,68.7,4.7,4.29531979848487
"Shaun Hill","QB","MIN",2504833,1980-01-09,0,0,0,,27,0,0,2015,,,
"Spencer Ware","RB","KC",2540204,1991-11-23,0,0,0,,55,0,0,2,,,
"Steelers","DST","PIT",100027,,10.6,10.6,10.6,,9,2.95,0,45,4.6,3.4,4.59588852357681
"Stefon Diggs","WR","MIN",2552608,1993-11-29,10.8275,10.8275,10.8275,,23,0.151250000000001,0,0,25.7,3.7,3.8001398052105
"Stepfan Taylor","RB","ARI",2539315,1991-06-09,0,0,0,,55,0,0,2,,,
"Stephen Gostkowski","K","NE",2506922,1984-01-28,10.4,10.4,10.4,,2,0.450000000000001,1,9,1.4,0.9,0.0489646588275301
"Stephen Morris","QB","IND",2550376,1992-08-27,0,0,0,,27,0,0,1,,,
"Stevan Ridley","RB","NYJ",2495470,1989-01-27,0,0,0,,55,0,0,4,,,
"Steve Johnson","WR","SD",768,1986-07-22,0,0,0,,94,0,0,7,,,
"Steven Hauschka","K","SEA",2507374,1985-06-29,7.9,7.9,7.9,,15,0.15,0,2015,,,
"Storm Johnson","RB","FA",2543570,1992-07-17,0,0,0,,55,0,0,1,,,
"T.J. Jones","WR","DET",2543836,1992-07-19,1.9125,1.9125,1.9125,,86,0.25625,0,1,,,
"T.J. Yates","QB","HOU",2508123,1987-05-28,0,0,0,,27,0,0,4,,,
"T.J. Yeldon","RB","JAC",2552471,1993-10-02,0,0,0,,55,0,0,0,59.4,3.8,3.79361036495178
"T.Y. Hilton","WR","IND",2532865,1989-11-14,10.55,10.55,10.55,,25,0.1975,0,3,26.1,3.9,3.90661204092561
"Taiwan Jones","RB","OAK",2495467,1988-07-26,0,0,0,,55,0,0,4,,,
"Tavon Austin","WR","STL",2539336,1991-03-15,6.1725,6.1725,6.1725,,69,0.8,0,2,,,
"Taylor Gabriel","WR","CLE",2550617,1991-02-17,9.82,9.82,9.82,,36,0.120000000000001,0,1,,,
"Taylor Heinicke","QB","MIN",2553656,1993-03-15,0,0,0,,27,,0,0,,,
"Ted Ginn","WR","CAR",2507166,1985-04-12,10.39,10.39,10.39,,26,0.1075,0,8,,,
"Teddy Bridgewater","QB","MIN",2543465,1992-10-10,0,0,0,,27,0,0,1,,,
"Terrance West","RB","BAL",2543664,1991-01-21,10.5275,10.5275,10.5275,,10,0.592499999999999,0,1,,,
"Terrance Williams","WR","DAL",2539205,1989-09-18,7.125,7.125,7.125,,63,0.41625,0,2,66.6,5.9,4.9713343980767
"Terrell Watson","RB","CLE",2553617,1993-08-22,0,0,0,,55,0,0,0,,,
"Terrelle Pryor","WR","CLE",2531332,1989-06-20,12.1625,12.1625,12.1625,,12,0.174999999999999,0,4,,,
"Terron Ward","RB","ATL",2553762,1992-02-15,0.57,0.57,0.57,,54,0.57,0,0,81.6,7.6,5.9119390843137
"Tevin Coleman","RB","ATL",2552453,1993-04-16,9.03,9.03,9.03,,15,0.422499999999998,0,0,28.1,3.8,3.79361036495178
"Texans","DST","HOU",100013,,7.75,7.75,7.75,,10,0.625,0,45,16.1,4.6,6.94234225764694
"Thad Lewis","QB","PHI",497121,1987-11-19,0,0,0,,27,0,0,5,,,
"Theo Riddick","RB","DET",2540020,1991-05-04,7.61,7.61,7.61,,23,0.15875,0,2,37.9,3.9,3.84935585756656
"Thomas Rawls","RB","SEA",2553733,1993-08-03,7.7325,7.7325,7.7325,,21,0.066250000000001,0,0,79.9,6.6,5.35448415816583
"Tim Hightower","RB","NO",4383,1986-05-23,0,0,0,,55,0,0,7,,,
"Titans","DST","TEN",100012,,6.6,6.6,6.6,,13,0.125,0,45,11.7,3.8,5.37803976826685
"Titus Davis","WR","NYJ",2553874,1993-01-03,0,0,0,,94,0,0,0,,,
"Tom Brady","QB","NE",2504211,1977-08-03,23.87,23.87,23.87,,1,2.78,1,15,1.1,0.4,0.306782024310153
"Tom Savage","QB","HOU",2543640,1990-04-26,0,0,0,,27,0,0,1,27.1,3.4,5.91620589963666
"Tommy Bohanon","RB","NYJ",2540225,1990-09-10,0,0,0,,55,0,0,2,,,
"Tony Romo","QB","DAL",2505354,1980-04-21,0,0,0,,27,0,0,12,,,
"Tony Washington","WR","JAC",2550415,1990-10-18,0,0,0,,94,0,0,2015,,,
"Torrey Smith","WR","SF",2495459,1989-01-26,8.275,8.275,8.275,,57,0.237499999999999,0,4,,,
"Travaris Cadet","RB","NO",2535890,1989-02-01,0,0,0,,55,0,0,3,,,
"Travis Benjamin","WR","CLE",2532790,1989-12-29,8.6475,8.6475,8.6475,,52,0.203749999999999,0,3,,,
"Travis Coons","K","CLE",2550551,1992-02-06,0,0,0,,25,0,0,1,,,
"Travis Kelce","TE","KC",2540258,1989-10-05,10.2375,10.2375,10.2375,,5,0.562499999999998,0,2,1,0,2.24396833777432
"Tre McBride","WR","TEN",2552428,1992-12-01,0,0,0,,94,0,0,0,,,
"Trevor Siemian","QB","DEN",2553457,1991-12-26,15.48,15.48,15.48,,14,0.48,0,0,27.8,1.9,3.11149396197341
"Trey Burton","TE","PHI",2550284,1991-10-29,2.75,2.75,2.75,,35,0.3,0,1,24.9,6.8,5.79340305427709
"Troy Niklas","TE","ARI",2543628,1992-09-18,0,0,0,,47,0,0,1,66.6,11.7,8.35108395293349
"Tyler Bray","QB","KC",2540173,1991-12-27,0,0,0,,27,0,0,2,,,
"Tyler Eifert","TE","CIN",2540148,1990-09-08,7.9,7.9,7.9,,10,0.3875,0,2,,,
"Tyler Gaffney","RB","NE",2543655,1991-04-20,0,0,0,,55,0,0,1,,,
"Tyler Kroft","TE","CIN",2552586,1992-10-15,2.2875,2.2875,2.2875,,38,0.0499999999999998,0,0,17.6,1.8,3.18352458626035
"Tyler Lockett","WR","SEA",2552430,1992-09-28,9.2325,9.2325,9.2325,,45,0.30125,0,0,65.7,6,5.02457051593426
"Tyrell Williams","WR","SD",2553913,1992-02-12,10.25,10.25,10.25,,28,0.115,0,0,,,
"Tyrod Taylor","QB","BUF",2495240,1989-08-03,14.56,14.56,14.56,,17,0.174999999999999,0,4,22.9,6,10.7777065915863
"Vance McDonald","TE","SF",2540215,1990-06-13,0,0,0,,47,0,0,2,,,
"Vernon Davis","TE","DEN",2495826,1984-01-31,5.575,5.575,5.575,,22,0.25,0,9,,,
"Victor Cruz","WR","NYG",2507855,1986-11-11,0,0,0,,94,0,0,5,,,
"Vikings","DST","MIN",100020,,6.35,6.35,6.35,,16,0.0749999999999993,0,45,8.1,3.3,4.4003507124043
"Vince Mayle","TE","DAL",2552431,1991-06-12,0,0,0,,47,0,0,0,,,
"Vince Mayle","WR","DAL",2552431,1991-06-12,0,0,0,,94,0,0,0,,,
"Vincent Jackson","WR","TB",2506400,1983-01-14,0,0,0,,94,0,0,10,,,
"Virgil Green","TE","DEN",2495288,1988-08-03,3.9,3.9,3.9,,29,0.24375,0,4,34.1,8.1,6.47197145596144
"Walt Powell","WR","BUF",2543619,1991-11-23,0,0,0,,94,0,0,1,,,
"Will Tukuafu","RB","SEA",2527672,1984-01-03,0,0,0,,55,0,0,5,,,
"Will Tye","TE","NYG",2553830,1991-11-04,4,4,4,,27,0.0562499999999995,0,0,,,
"Willie Snead","WR","NO",2550256,1992-10-17,0,0,0,,94,0,0,1,90.8,8.2,6.19576510880045
"Zac Dysert","QB","MIA",2539258,1990-02-08,0,0,0,,27,0,0,2,,,
"Zach Ertz","TE","PHI",2540158,1990-11-10,9.775,9.775,9.775,,6,0.3375,0,2,4.7,5.3,5.01043951387207
"Zach Hocker","K","CIN",2543781,1991-08-23,0,0,0,,25,0,0,1,,,
"Zach Line","RB","MIN",2539303,1990-04-26,0,0,0,,55,0,0,2,,,
"Zach Mettenberger","QB","TEN",2543605,1991-07-16,0,0,0,,27,0,0,1,,,
"Zach Miller","TE","CHI",238457,1984-10-04,6.0875,6.0875,6.0875,,20,0.33125,0,6,,,
"Zach Zenner","RB","DET",2553631,1991-09-13,0,0,0,,55,0,0,0,75.1,10.5,7.52855837014254
