,Actual_Points,sdPts
76,10.3,1.7
81,9.4,1.9
90,7.9,1.4
117,3.2,1.6
131,23.1,2.1
148,4.7,1.2
206,5.0,2.0
209,11.7,1.7
231,8.0,0.7
251,20.8,1.6
278,20.0,1.8
356,10.5,2.1
405,5.6,1.1
419,12.2,0.7
442,10.5,0.6
457,5.2,0.5
467,13.9,0.8
515,9.0,0.8
528,3.4,1.0
546,22.1,0.8
585,3.7,0.6
658,8.6,1.4
663,11.4,0.9
666,4.1,0.9
721,5.6,0.8
749,10.0,0.4
953,3.3,0.8
983,4.1,0.3
1073,4.5,0.7

41,20.2,1.9
71,6.9,2.6
75,7.8,3.5
93,13.2,2.1
104,5.9,3.7
109,21.2,3.4
111,9.3,2.4
197,5.4,2.0
222,14.0,3.1
230,3.5,1.7
249,19.3,1.8
313,4.4,2.7
492,8.4,0.9
502,10.5,1.5
531,10.0,1.5
535,3.1,1.9
578,5.3,0.5
580,19.5,1.3
617,3.1,0.9
619,6.6,0.8
724,4.3,1.7
734,3.6,1.3
755,3.5,0.6
756,3.9,1.1
786,4.1,0.8
817,3.3,0.4
1094,3.5,0.5
1164,4.8,0.3
1181,3.4,0.2

53,12.4,1.2
80,8.4,2.3
87,8.7,1.9
100,20.3,1.5
184,9.9,1.9
191,22.5,1.7
244,6.9,2.1
296,20.6,0.6
319,21.6,0.4
363,8.1,1.3
446,6.2,1.0
463,15.2,1.0
494,4.0,0.8
604,3.2,0.4
608,6.6,0.5
615,4.0,0.7
628,6.7,1.0
737,20.8,0.4
768,15.1,0.7
857,7.8,0.1
883,13.4,0.6
890,3.5,0.9
992,4.6,0.5

51,12.0,1.2
71,7.4,1.5
97,10.0,1.4
105,8.8,1.9
109,11.1,2.1
172,17.5,1.4
214,11.3,1.8
222,15.2,1.1
344,10.2,0.3
392,4.8,1.0
446,3.6,0.9
460,5.0,0.4
469,10.2,0.8
513,3.7,0.5
545,10.1,0.5
550,15.1,0.4
580,3.6,0.3
600,7.3,0.4
618,12.9,0.9
621,4.9,0.1
624,6.4,0.5
661,11.1,1.0
677,3.8,0.4
678,6.1,0.9
730,3.2,0.8
777,15.7,0.7
784,3.9,0.4
846,4.4,0.3
861,10.5,0.7
916,5.3,0.5
995,4.0,0.2

40,9.0,1.5
82,14.2,2.3
83,17.8,1.5
105,7.0,2.5
117,5.9,2.7
133,10.8,1.8
139,10.6,1.7
148,7.7,0.9
308,4.4,2.3
377,5.6,0.6
467,3.4,0.8
469,12.1,0.9
520,3.1,0.7
541,4.9,0.7
598,17.1,0.7
659,5.2,0.6
664,6.2,1.2
666,3.1,0.5
672,15.0,0.2
752,6.2,0.5
759,3.2,0.5
804,6.6,0.4
820,5.4,0.2
944,10.9,0.7
953,3.2,0.4
1031,7.3,0.2

52,7.8,1.6
78,14.3,1.6
99,5.4,1.5
101,21.7,1.8
104,10.9,2.0
203,7.2,1.1
373,5.8,0.6
396,4.1,0.6
433,8.2,0.4
437,11.2,0.5
459,4.5,0.8
463,12.2,1.5
497,4.5,1.1
516,5.4,0.9
546,4.0,0.9
567,9.9,0.6
606,11.7,1.0
635,5.1,0.9
636,6.6,0.5
639,4.1,1.2
641,10.3,0.6
645,3.4,0.8
673,6.0,1.3
691,3.6,0.6
721,10.9,0.6
743,26.0,1.7

65,7.4,1.5
81,5.3,1.8
91,4.9,2.1
94,4.8,1.5
95,12.6,1.9
116,28.1,2.7
141,12.7,1.8
275,14.5,1.6
277,5.3,1.8
347,13.0,0.7
376,15.0,0.6
401,4.7,0.5
445,3.7,1.0
460,3.2,0.5
493,3.6,0.9
522,11.8,0.5
611,14.3,0.9
613,6.1,0.6
623,6.6,0.6
624,9.4,0.6
655,7.9,0.2
701,10.3,0.5
768,5.4,0.5
855,3.5,0.4
902,3.2,0.1
921,3.2,0.4

89,15.5,1.8
95,14.3,1.5
96,8.1,1.9
101,12.0,1.5
102,11.6,1.8
134,6.7,1.7
251,3.5,1.7
383,4.1,0.9
410,4.7,1.1
411,3.4,0.7
443,16.8,0.7
461,3.2,0.7
466,20.8,0.9
477,5.4,1.1
550,5.1,0.6
570,8.1,0.8
589,10.4,0.7
700,3.5,0.3
702,4.2,1.0
731,22.6,0.6
735,10.3,0.7
804,5.8,0.6
840,10.3,0.3

61,16.9,2.1
69,6.2,2.3
72,9.7,2.0
76,11.9,2.0
109,8.0,2.4
132,3.1,2.4
137,20.8,1.8
197,5.5,2.0
338,6.6,1.2
371,3.3,1.0
387,7.1,1.0
397,3.7,0.7
407,9.8,0.7
425,9.7,0.7
468,19.0,0.5
471,11.5,0.7
492,8.0,0.3
499,9.8,0.7
505,12.5,1.0
573,6.8,0.8
582,3.9,0.5
595,10.7,0.2
715,17.7,1.0
722,11.2,0.4
741,6.1,0.4
775,4.0,0.5
965,4.9,0.6

68,17.0,1.5
70,11.0,1.8
94,9.7,1.5
105,5.5,1.7
134,20.3,1.9
202,10.4,2.1
255,13.8,0.6
280,8.1,1.0
314,5.0,0.8
317,11.9,0.6
320,10.8,0.8
391,6.9,0.7
397,6.2,0.7
405,12.7,0.7
412,5.7,0.9
418,17.4,0.7
469,9.0,0.6
518,3.8,1.4
544,7.5,0.6
558,5.0,0.3
598,11.1,0.3
601,3.7,0.6
602,9.8,0.5
621,16.2,1.0
624,3.9,0.9
893,8.3,0.4

50,19.8,1.6
96,7.3,1.4
179,7.6,1.4
185,12.8,1.5
199,7.2,3.9
215,7.5,1.6
218,4.3,3.7
272,11.5,1.6
283,5.9,2.0
320,3.4,1.9
327,22.5,1.6
415,4.0,0.7
429,13.1,0.9
434,6.4,0.9
439,4.6,2.2
479,3.9,0.8
562,7.5,0.9
647,18.0,2.0
667,3.9,0.9
704,3.3,1.4
711,5.5,0.6
727,3.1,0.8
795,4.6,1.0
864,4.7,0.6
926,4.7,1.2
995,4.2,0.7
1013,3.2,0.6

91,14.9,1.7
94,26.4,1.5
129,6.5,1.5
146,3.2,2.0
226,6.9,1.7
246,16.2,0.9
252,10.2,2.2
275,10.7,0.8
292,12.5,1.1
296,10.1,1.8
321,3.7,1.9
324,3.3,1.9
347,9.8,2.3
382,4.0,1.1
427,17.1,0.9
455,3.9,0.7
478,14.4,0.9
511,4.1,1.0
526,11.7,1.1
611,22.3,1.3
618,3.8,1.4
637,6.8,1.2
642,3.6,0.9
705,7.0,0.7
711,6.8,0.9
714,9.2,0.6
744,9.2,0.6
768,5.3,0.4
788,3.1,0.5
828,8.4,0.5
935,4.0,0.5
947,8.0,0.5
1000,6.0,0.7
1004,5.0,0.8
1212,7.7,0.1

52,7.1,1.9
72,15.4,1.3
74,9.8,1.5
136,7.0,1.8
150,8.5,1.6
151,5.8,1.6
178,12.4,1.8
228,13.3,0.9
262,7.5,1.7
272,10.2,1.1
294,5.6,0.8
425,3.3,1.0
431,10.4,0.9
449,4.6,0.7
459,5.8,0.9
493,10.0,0.7
555,3.5,0.7
582,19.2,0.8
626,6.0,0.5
642,10.9,1.2
652,4.7,0.5
666,5.4,0.7
667,8.0,0.9
683,6.9,0.8
687,4.6,0.6
689,4.5,0.6
739,7.2,0.7
762,11.4,0.3
775,7.8,0.6
862,9.1,0.9
865,8.9,0.8
918,6.3,0.8

54,17.3,1.3
56,6.4,1.7
72,16.2,1.6
124,9.6,2.0
143,12.5,1.8
165,8.2,1.3
192,27.0,1.8
278,7.7,2.0
315,15.6,0.9
321,21.5,0.9
343,11.8,0.7
348,6.7,0.9
474,6.2,0.5
481,3.4,0.6
495,6.0,0.4
496,4.4,1.1
550,9.7,0.8
565,10.4,0.8
592,7.7,0.8
616,11.4,0.9
643,5.1,0.9
708,7.6,0.4
747,11.4,0.6
754,6.9,0.3
783,3.4,0.4
793,7.8,0.7
948,8.8,0.5
996,8.2,0.2
1057,3.8,0.2

66,12.5,1.9
73,22.0,1.7
134,10.5,1.6
141,10.6,2.0
145,4.0,1.5
150,27.0,1.7
157,10.8,1.7
264,6.6,0.4
292,9.9,2.3
428,12.2,0.7
487,4.7,0.9
491,5.8,0.8
505,7.0,1.1
513,5.3,0.9
529,5.3,0.4
590,4.1,0.8
629,9.5,0.7
677,7.8,0.5
738,3.6,0.7
764,9.4,0.4
774,3.9,0.7
775,7.8,1.0
841,10.0,0.6
850,3.1,0.9
952,3.7,0.4

51,8.6,1.3
69,13.8,1.8
75,11.2,1.6
108,15.0,2.0
132,12.9,1.7
144,6.1,2.0
155,5.0,1.9
202,15.0,2.0
253,5.7,0.6
278,10.3,0.7
317,17.6,0.9
320,8.4,1.7
354,14.2,2.1
359,6.8,1.5
360,8.0,2.1
375,10.3,0.6
491,9.4,0.8
509,3.1,0.7
523,4.0,0.8
533,3.8,0.8
600,12.3,0.6
607,5.1,0.8
667,6.7,0.7
721,3.4,0.4
745,12.6,0.9
759,3.1,0.5
831,4.7,0.4
1073,4.5,0.1

50,12.0,1.3
55,18.3,1.4
95,4.6,1.6
137,18.3,1.9
149,13.2,1.8
193,5.3,1.7
202,3.6,1.7
240,6.3,1.0
256,9.2,0.9
279,7.5,1.3
290,23.1,0.9
354,8.3,0.5
505,4.0,0.7
559,12.2,1.0
592,5.9,0.6
610,7.3,0.9
622,8.2,0.5
715,8.2,0.5
783,8.1,0.5
884,18.3,0.3
1097,4.5,0.2

51,16.9,1.5
66,10.6,1.5
109,8.2,1.8
111,11.2,1.3
132,15.4,1.8
143,5.8,1.6
176,3.3,0.8
198,14.8,1.0
233,5.9,1.2
250,6.2,1.4
266,7.3,1.0
318,11.0,1.1
324,13.6,1.1
376,16.0,1.1
466,8.1,1.0
472,5.1,0.5
527,6.9,0.8
578,3.4,0.7
592,16.9,1.3
594,5.1,0.2
663,9.9,0.9
713,3.6,0.3
737,4.9,0.7
768,9.8,0.7
897,9.1,0.2

47,25.4,1.5
84,18.8,1.7
113,13.5,1.9
126,19.3,1.3
134,16.6,1.5
151,3.8,1.9
169,7.3,2.3
212,9.8,0.7
260,4.0,1.7
266,5.4,0.8
295,5.6,0.7
417,8.2,1.1
492,8.7,0.8
504,14.2,0.7
543,19.3,0.7
545,6.5,0.4
560,6.3,1.0
615,8.3,0.5
645,7.2,0.7
668,3.8,0.2
676,3.1,0.5
693,10.3,0.6
698,5.0,0.6
708,4.9,0.8
836,7.5,0.4

49,23.7,1.1
117,7.9,1.9
147,10.6,1.7
167,10.3,1.0
194,6.3,1.8
216,10.2,1.6
244,7.6,0.9
250,4.7,0.8
286,16.6,0.7
362,5.6,0.7
366,4.0,0.3
446,7.4,0.6
509,18.4,0.6
535,4.4,1.2
598,8.0,0.9
607,9.3,0.9
622,16.5,1.0
653,3.7,0.4
728,3.6,0.5
786,5.2,0.4
807,5.6,0.3
827,3.5,0.5
894,6.9,0.6
895,5.9,0.4
1099,11.9,0.0

66,18.6,1.3
71,8.8,1.9
128,13.1,1.4
140,19.0,1.9
174,9.6,1.7
180,10.2,1.2
227,10.1,1.3
247,5.6,1.1
257,14.8,1.9
314,10.5,0.5
321,4.2,0.9
341,4.4,1.0
344,9.8,0.6
363,9.2,1.3
407,13.3,2.4
416,3.2,0.7
421,5.4,0.7
423,6.9,0.8
548,7.9,0.6
619,14.3,0.5
630,5.5,0.9
655,5.3,0.8
716,3.1,1.4
749,3.5,0.6
764,4.0,0.8
820,9.7,0.3
834,10.9,0.8
901,7.1,0.7
920,12.5,0.5
925,3.4,0.5
1086,7.2,0.4
1176,4.9,0.2
1253,3.7,0.1

44,32.8,1.5
75,12.8,1.3
90,10.2,1.2
92,4.1,1.8
95,10.0,1.8
145,19.5,1.7
210,5.1,1.3
242,4.1,2.2
333,5.3,0.5
340,4.8,1.7
365,12.9,0.6
411,9.0,0.9
416,4.1,0.8
474,5.8,0.7
488,3.9,0.4
514,6.2,0.6
515,6.2,0.6
615,6.2,0.5
680,10.7,0.7
806,11.4,0.6
866,11.7,1.5
910,7.5,0.8
1046,6.6,0.6
1099,11.0,0.3
1144,7.1,0.2

48,17.2,1.1
70,6.3,1.3
89,14.5,1.5
105,30.5,1.6
108,20.7,1.8
135,15.1,1.5
239,5.7,1.3
250,5.0,1.9
282,5.7,1.2
287,14.2,1.7
327,9.2,0.8
407,3.2,0.5
464,5.2,0.4
515,12.2,0.8
573,4.9,0.3
598,4.6,0.4
606,3.8,1.1
616,5.1,1.3
627,7.1,0.7
706,10.5,0.7
778,4.2,1.4
796,9.1,0.7
825,4.3,0.7
852,5.0,0.4
954,5.2,0.8
964,3.6,0.7
991,6.8,0.6
1051,9.9,0.7
1092,7.5,0.6

50,9.6,0.9
79,3.7,1.8
86,6.6,1.3
88,3.1,1.5
107,3.3,2.0
262,4.5,2.0
292,11.5,0.9
310,6.8,2.1
350,3.8,1.0
386,4.7,0.9
404,8.3,0.9
449,3.2,0.5
484,11.6,0.4
515,7.1,0.4
600,4.1,0.8
611,3.7,0.3
632,7.4,0.9
648,6.3,0.8
660,6.5,0.4
739,4.8,1.1
813,4.9,1.4
838,3.4,0.5
839,3.5,0.9
840,3.7,0.6
895,3.8,0.7
919,3.3,0.5
960,4.7,0.3
969,6.6,0.6
1046,9.4,0.9
1059,13.1,0.4
1220,11.5,0.2
1226,6.3,0.2
1244,7.0,0.2

48,7.9,1.2
98,4.3,1.5
99,10.9,1.4
111,29.0,1.2
262,17.2,2.1
275,14.3,1.4
276,14.8,1.9
354,4.6,1.1
400,4.9,0.8
411,5.4,0.9
423,28.7,0.7
463,5.5,0.5
490,12.8,0.3
514,12.9,0.4
529,6.9,0.5
640,15.3,0.7
645,8.1,0.7
693,9.4,0.3
803,3.2,0.8
851,4.3,0.6
877,3.6,0.3
914,9.3,0.9
947,9.9,0.6
955,5.5,0.6

28,8.7,4.9
69,25.4,4.5
113,18.6,3.9
120,4.3,3.7
165,3.4,1.6
223,3.9,3.1
282,7.7,2.9
332,9.2,2.2
333,3.6,2.3
338,4.9,3.3
341,5.4,2.2
342,14.6,1.1
453,5.8,1.8
480,7.4,1.9
598,33.4,0.4
602,12.3,1.5
652,4.1,0.9
654,5.8,0.6
665,3.8,0.8
756,5.3,0.6
757,4.2,0.7
894,3.9,1.0

57,4.3,1.4
94,6.1,1.5
95,6.9,1.6
110,10.1,1.4
136,11.1,2.0
137,13.3,2.2
174,5.8,2.2
235,13.9,2.4
251,5.1,2.3
257,13.3,1.9
278,19.8,2.0
315,6.4,3.2
320,6.6,0.7
343,8.1,1.3
357,15.4,0.7
486,5.9,0.7
571,4.1,0.8
575,19.1,0.8
604,4.9,0.7
619,4.9,0.9
621,5.2,1.7
624,4.9,0.5
674,6.2,0.7
702,4.4,1.1
798,8.5,0.9
813,3.5,1.0

47,20.6,2.2
93,20.3,1.4
96,7.8,1.4
126,12.2,2.2
142,6.5,2.1
149,14.2,2.0
171,5.7,2.1
195,10.8,2.2
211,3.4,1.8
222,3.8,2.1
246,7.2,1.2
260,8.1,1.8
279,4.5,1.6
296,12.9,2.7
310,11.5,1.5
315,12.7,0.9
358,4.7,1.6
365,4.1,1.2
367,20.7,0.7
381,11.9,0.7
421,7.2,1.3
479,10.2,1.3
585,7.1,0.9
617,4.4,0.7
653,11.0,1.0
722,4.3,0.9
731,4.0,0.4
745,3.2,0.7
758,10.0,0.9
773,3.6,0.7
842,3.1,0.6
908,4.3,0.3
985,5.1,0.4

71,18.9,1.7
116,13.5,1.9
161,5.1,1.0
262,12.9,2.1
275,10.7,1.5
287,12.3,1.4
292,7.0,2.2
312,11.3,0.9
368,4.0,1.1
430,3.1,0.8
437,14.3,1.4
451,8.2,1.1
487,3.9,1.2
506,7.2,0.8
518,14.6,1.0
571,5.6,0.9
590,3.3,0.6
653,8.9,0.5
658,26.2,1.1
687,4.3,1.3
698,12.8,1.0
714,6.6,0.9
780,12.2,0.9
896,6.7,0.1

61,10.0,1.3
93,20.9,2.2
98,10.6,1.9
148,8.1,2.2
152,3.6,1.2
198,6.6,0.7
200,13.7,1.9
215,6.1,2.0
223,6.9,2.5
241,4.4,1.3
247,9.2,1.9
257,16.0,2.3
287,5.2,1.9
331,3.7,0.7
355,3.1,1.0
370,8.6,1.0
375,5.5,0.7
379,3.3,1.2
387,5.5,0.9
395,7.5,1.2
429,6.6,1.2
455,3.9,0.8
520,4.5,0.6
527,7.7,1.2
580,7.1,1.0
581,21.8,1.4
623,9.9,0.7
648,15.5,0.8
649,6.2,1.1
655,13.3,0.9
660,6.1,0.9
671,3.8,0.7
816,6.0,0.4
853,8.1,0.5
914,3.6,0.3
939,3.7,0.5
968,9.3,0.4

76,15.1,2.0
81,13.8,1.1
136,12.7,2.2
141,4.0,1.2
146,4.1,2.5
158,8.1,2.2
193,6.8,2.3
227,15.3,1.2
240,13.5,1.0
277,5.8,2.3
335,11.4,0.7
336,11.9,1.2
339,11.7,1.0
344,3.9,1.0
395,3.2,0.5
400,3.3,1.2
436,12.4,1.2
456,17.8,0.8
457,3.9,0.8
462,20.0,1.1
556,11.8,1.0
578,4.6,1.1
617,7.3,0.9
650,3.2,0.9
654,15.4,0.6
675,8.6,0.7
680,3.6,1.0
871,8.6,0.2
900,3.9,0.2
917,3.6,0.1

59,23.3,1.5
82,5.7,2.1
92,14.8,2.1
106,3.4,1.6
118,5.7,1.6
137,7.2,1.4
148,16.6,1.8
181,12.6,2.2
207,16.7,2.6
254,11.5,1.1
284,5.6,0.9
318,8.3,1.0
326,3.2,1.1
330,9.5,0.5
332,12.5,0.7
360,6.6,0.4
367,8.7,0.6
442,3.7,0.7
473,6.0,1.3
489,4.2,0.9
506,7.9,0.7
573,9.6,0.8
599,6.9,0.4
619,11.2,0.4
623,4.5,0.4
678,3.1,0.5
724,9.4,0.7
746,9.0,0.7
800,9.7,0.5

51,6.6,1.1
74,17.4,1.7
79,11.3,2.2
114,6.8,1.9
116,15.0,2.7
125,9.0,2.1
130,7.8,2.1
141,9.3,3.1
144,9.6,2.2
145,13.4,2.5
146,12.6,1.7
174,22.4,1.4
179,7.4,2.5
200,13.7,1.6
206,3.9,0.3
212,3.3,0.8
220,10.3,0.7
235,3.2,1.1
238,9.9,1.2
247,8.7,0.6
248,7.6,0.9
249,7.3,0.9
256,6.8,0.4
266,3.7,0.5
275,3.2,1.6
300,24.8,0.7
334,4.7,0.1
346,8.7,0.4
394,10.0,0.1
401,3.1,0.1
456,3.7,0.1

41,14.2,1.1
50,11.4,1.4
70,22.8,2.5
124,17.9,1.7
148,8.4,1.8
164,5.3,2.2
182,4.6,2.1
183,7.1,2.0
192,7.7,1.4
210,11.7,0.9
225,24.1,2.2
330,4.4,1.0
353,12.7,0.8
367,3.2,0.4
393,5.2,0.7
421,6.8,0.8
447,9.1,1.2
488,3.5,0.7
561,3.1,0.8
569,4.9,0.6
655,4.4,0.4
682,8.5,0.6

54,16.8,1.9
93,15.0,2.0
103,8.4,1.9
130,10.3,2.2
144,10.2,2.5
223,9.6,2.3
252,16.6,1.6
254,8.9,2.1
322,5.1,1.0
343,4.2,0.5
396,5.0,0.9
424,6.4,1.1
426,5.6,1.1
441,17.4,0.6
463,7.3,0.7
477,9.3,0.4
519,4.2,1.4
541,7.5,0.8
544,6.4,0.1
551,6.2,0.5
575,3.1,0.9
582,11.1,0.4
654,3.5,0.9
684,5.4,0.3
698,4.4,0.6
778,8.3,0.1

40,9.4,1.2
58,12.1,2.0
97,17.7,2.2
120,9.7,2.1
122,9.3,2.6
127,6.2,2.0
142,11.1,3.2
177,9.4,0.7
194,13.9,1.1
205,10.8,1.2
216,10.9,0.8
232,7.8,0.7
236,3.9,1.0
238,14.7,0.3
248,8.6,1.3
249,14.9,0.7
250,3.2,0.8
260,7.0,0.2
276,4.0,0.5
312,4.9,0.5
346,3.2,0.5
407,7.6,0.4
492,5.3,0.0

32,5.1,1.1
48,13.9,2.1
112,8.2,1.4
114,17.3,1.3
147,4.6,1.4
149,3.5,1.7
159,8.3,0.9
165,12.2,0.6
171,8.2,2.1
189,9.6,1.9
190,5.0,1.0
193,4.2,1.0
221,6.9,0.8
229,10.6,1.1
234,11.6,1.3
252,12.7,1.2
293,12.1,0.7
314,6.0,0.4
321,3.4,0.9
322,3.3,0.4
355,10.1,0.3
392,7.2,0.3
472,18.9,0.2

44,22.7,1.4
75,5.4,1.6
81,3.3,1.8
84,21.3,1.6
97,10.9,1.6
126,14.3,2.0
144,12.9,1.7
175,8.9,1.4
181,20.3,0.8
184,7.9,1.8
186,8.0,1.8
208,16.1,0.7
209,5.3,1.3
210,3.7,0.8
229,7.7,0.9
241,5.4,0.9
245,4.7,1.5
252,5.7,1.0
266,6.7,0.8
272,6.7,1.1
288,6.3,0.9
297,4.3,0.5
308,15.2,0.3
325,4.3,0.5
347,3.1,1.3
397,3.2,0.4
429,9.9,0.1
438,6.6,0.1

48,19.2,1.2
78,3.4,1.9
86,23.4,1.5
105,10.1,1.5
123,14.8,2.0
131,11.6,2.1
148,3.1,2.2
151,11.6,1.3
161,19.4,0.8
178,7.3,1.7
215,3.5,0.8
216,4.0,0.7
217,3.6,0.8
226,9.5,0.8
233,8.6,1.2
240,5.4,0.3
249,16.9,1.3
254,5.8,0.9
277,15.4,0.8
294,4.1,0.5
296,16.4,0.4
299,7.7,0.6
307,4.7,0.9
319,4.0,0.7
324,4.3,0.6
336,6.2,0.6
374,3.5,0.6
378,3.4,0.4
397,7.7,0.4
409,5.5,0.4

55,10.9,1.8
101,7.4,1.9
122,6.7,2.0
134,7.4,1.9
140,13.0,2.0
151,11.6,1.3
168,8.5,2.1
185,9.6,0.6
190,16.0,0.5
221,3.3,0.9
239,12.4,0.9
245,21.6,3.3
255,11.4,1.0
275,7.2,1.0
283,13.7,0.9
289,3.7,0.9
291,14.7,0.6
304,12.4,0.8
329,4.2,0.4
342,7.0,0.8
344,10.0,0.9

54,23.3,1.2
69,7.6,2.1
102,14.6,1.9
131,4.3,2.3
132,10.2,1.9
137,14.1,2.0
150,8.2,1.8
161,22.1,1.8
165,6.7,1.7
197,9.5,1.9
224,11.8,0.8
228,9.3,0.3
237,6.9,0.7
243,13.8,0.9
251,8.7,1.1
290,7.2,0.8
293,7.5,0.8
294,4.2,0.5
297,8.5,0.9
326,9.1,0.7
328,15.7,0.6
336,5.6,0.6
346,11.9,0.4
362,6.0,0.6
400,4.3,0.4
437,3.6,0.1
453,4.4,0.2

37,15.2,1.1
73,12.7,1.9
90,12.6,1.8
114,4.2,1.7
121,6.8,2.0
135,4.8,2.1
156,6.6,1.7
162,5.7,2.2
170,16.8,1.9
192,6.4,0.3
211,11.2,0.7
222,17.1,0.7
225,3.3,1.0
251,4.1,0.4
269,7.2,1.0
280,11.7,0.7
317,5.6,0.8
329,5.4,0.3
347,8.0,0.8
351,3.6,0.8
361,5.1,0.6
387,6.6,0.5
397,7.6,0.6
406,3.6,0.4
440,3.6,0.3
485,4.0,0.1
531,4.0,0.2

27,12.5,0.9
108,8.0,1.9
124,7.5,1.6
127,7.5,1.5
138,6.9,2.0
140,6.9,2.0
141,6.9,2.1
166,6.1,1.8
169,6.0,1.5
175,5.8,1.7
182,5.7,0.9
189,5.6,0.4
201,5.2,2.1
203,5.2,2.4
211,4.9,1.5
226,4.4,0.9
227,4.4,1.0
239,4.1,0.6
249,3.8,0.9
253,3.7,0.5
254,3.7,0.7
256,3.6,0.7
259,3.5,0.7
269,3.3,0.9
276,3.1,1.1

95,9.9,1.4
103,10.4,2.0
110,10.8,2.1
169,3.5,2.5
180,14.9,2.3
183,5.7,0.8
202,8.8,2.1
205,11.1,1.8
231,15.3,2.3
250,5.0,2.2
263,8.4,2.7
327,5.6,1.7
347,4.0,1.9
367,13.1,2.2
410,3.1,2.6
442,8.5,0.6
501,8.1,1.0
509,9.5,1.1
515,4.5,0.9
537,4.8,1.3
577,8.0,1.3
640,3.6,0.9
694,17.0,1.5
767,6.1,0.6
829,5.8,0.5
851,6.9,1.1
892,5.4,1.0
1089,6.9,0.4
1222,21.2,0.1

99,9.5,1.4
108,20.7,1.4
127,9.0,1.5
141,17.3,1.1
143,5.7,1.7
169,5.9,1.7
190,9.1,1.2
233,3.9,1.3
252,5.3,1.5
263,6.6,1.2
314,14.0,1.5
315,7.3,1.3
336,10.4,1.7
337,10.6,2.0
339,19.9,1.9
340,5.2,0.8
354,14.7,3.1
415,5.7,0.7
417,3.5,1.7
447,4.4,1.2
464,5.1,0.9
483,13.4,1.1
490,6.1,1.5
493,16.0,0.7
494,14.0,0.8
521,3.1,0.9
531,3.5,1.0
532,9.6,4.5
550,5.7,2.2
600,8.1,0.5
663,7.6,2.2
677,5.1,1.1
693,5.0,1.4
730,13.4,1.4
775,8.7,0.6
787,9.9,0.6
907,4.4,0.7
1022,3.9,0.7
1041,3.1,0.6
1227,15.8,0.1

97,7.6,1.7
157,9.4,2.2
187,11.1,2.1
194,17.9,0.4
232,20.4,1.6
252,3.5,0.8
289,5.0,1.8
307,17.0,2.8
312,3.7,1.5
355,4.3,1.5
356,7.2,2.5
363,8.1,1.9
369,23.8,1.3
376,16.5,1.0
379,9.4,1.3
421,9.5,1.8
469,19.1,1.1
529,7.9,0.8
539,7.6,2.2
682,4.1,1.3
707,9.2,0.8
753,4.0,0.9
764,3.5,0.4
777,3.4,1.0
785,6.6,0.4
914,7.4,0.9
1060,24.6,0.4

79,23.8,1.9
94,18.6,1.7
125,10.8,2.0
171,10.6,2.1
178,3.4,2.3
193,14.1,2.8
199,6.2,2.7
207,9.2,1.7
234,3.2,3.1
237,4.4,0.8
249,8.5,2.2
254,14.0,1.8
290,7.3,2.1
294,8.2,1.0
297,13.4,2.5
318,14.3,0.8
351,9.2,1.8
386,7.2,1.2
410,3.3,0.9
468,6.9,2.1
587,6.5,1.7
595,10.4,1.5
602,6.3,0.7
622,7.7,0.6
794,10.7,0.4
903,12.8,0.6
1131,12.4,0.1

85,9.3,2.1
89,22.6,1.6
125,13.4,2.6
128,15.1,1.6
164,5.2,1.8
177,4.3,2.0
178,27.7,1.0
184,10.1,2.1
206,10.8,2.6
264,5.8,0.9
284,13.3,1.5
306,14.0,1.6
324,9.0,1.6
332,9.4,2.1
372,9.8,0.9
406,4.7,0.8
426,14.9,1.7
500,6.8,1.9
583,3.4,0.8
652,10.8,1.4
676,4.4,1.7
818,8.1,0.9
995,3.7,0.6
1082,32.0,0.2

65,12.4,1.8
95,25.7,2.2
116,4.7,2.2
136,11.9,2.1
166,7.4,2.4
184,7.3,2.0
195,6.6,2.5
205,6.6,2.4
209,22.6,1.4
212,3.8,2.5
257,17.3,3.0
318,12.0,1.7
327,6.2,1.2
334,7.7,1.2
441,4.6,2.1
478,3.6,1.2
487,3.5,1.0
521,3.5,1.0
533,11.9,1.0
549,6.4,2.0
560,13.3,0.6
569,17.5,2.7
729,8.0,2.9
746,9.8,1.0
830,4.6,0.9
854,14.4,0.9
882,9.6,0.6
961,9.3,0.3
1008,33.3,0.1
1038,3.5,0.2

51,17.3,2.3
118,3.4,1.7
123,17.9,2.0
155,7.8,3.0
160,4.4,1.8
187,18.3,2.4
193,5.0,1.9
212,8.0,2.3
226,10.9,1.5
231,3.9,2.6
245,6.0,1.3
275,6.3,1.7
286,5.4,1.0
292,9.6,0.7
343,9.5,1.3
381,8.2,2.1
389,9.0,2.0
539,6.0,1.0
1023,21.1,0.1

55,19.4,2.1
94,20.4,1.7
97,4.9,2.8
102,9.8,2.5
123,5.7,2.3
134,4.6,1.8
136,9.7,2.0
155,5.6,2.3
174,19.6,1.2
198,12.3,1.6
212,10.3,1.9
213,20.7,2.1
268,5.6,0.8
275,3.9,0.9
279,11.3,1.6
291,5.5,1.3
315,12.8,1.6
322,11.4,1.0
357,8.6,0.9
438,4.6,0.8
474,7.5,0.9
484,11.8,1.5
526,4.9,0.8
567,4.7,1.0
573,4.3,0.5
615,6.6,0.5
635,4.0,1.1
682,11.1,0.4
868,3.5,0.2
884,6.6,0.2

81,13.7,2.0
100,16.0,1.4
109,12.7,2.5
126,8.3,2.3
129,26.3,3.1
133,6.6,2.1
135,12.8,1.8
167,12.7,2.1
174,5.7,1.7
185,3.8,1.7
234,12.1,1.5
251,3.1,2.2
262,8.6,1.5
270,12.5,1.7
282,23.4,1.0
345,13.7,0.6
352,15.9,2.1
413,4.7,0.8
438,9.4,0.7
516,5.3,0.5
523,9.6,0.7
579,3.3,0.4
618,6.0,0.9
641,9.7,0.9
657,7.0,0.8
790,3.6,0.6
828,6.7,0.4
854,7.0,0.2
917,3.9,0.1

46,7.1,1.7
65,5.1,1.9
92,22.9,2.0
99,6.4,1.8
108,6.6,2.1
113,11.1,2.1
128,6.8,2.4
135,14.3,1.9
139,5.2,2.1
168,17.9,2.4
214,8.5,2.0
227,4.1,2.5
246,5.6,1.7
262,8.9,0.6
264,15.4,1.0
306,3.6,1.0
343,7.8,2.2
369,8.1,2.0
385,11.4,0.7
389,13.7,1.0
422,14.1,1.9
446,7.0,1.0
452,7.9,0.8
457,3.4,0.8
499,5.7,2.5
525,4.7,0.6
587,8.2,0.6
673,4.5,1.4
692,3.1,0.5
759,9.3,0.7
777,7.4,0.6
781,7.2,0.6
935,3.2,0.1
959,24.6,0.1
970,5.0,0.2

51,5.3,1.0
69,10.4,2.0
83,5.6,1.8
106,12.1,2.2
108,5.2,2.1
112,13.8,1.9
161,6.2,2.4
192,13.6,1.2
197,14.6,1.1
225,11.2,1.6
247,12.5,2.5
260,9.2,2.2
282,4.5,2.0
290,12.1,1.8
349,4.8,1.2
364,8.2,2.2
386,9.3,0.9
410,3.8,0.9
440,3.8,2.5
535,4.7,0.9
538,17.5,1.3
552,4.8,0.4
562,10.3,0.9
579,5.6,0.7
618,3.5,0.5
758,3.1,1.3
986,31.5,0.1

80,6.5,2.1
82,26.5,1.9
103,15.3,1.9
109,12.5,2.1
118,7.7,2.1
161,10.9,1.9
171,14.1,2.4
182,5.1,2.4
191,6.2,2.2
197,6.9,2.0
236,8.0,2.8
254,4.8,0.8
266,4.1,2.6
282,3.5,2.8
369,4.9,0.8
389,7.9,1.0
397,9.0,1.4
414,11.8,2.3
440,13.1,1.3
441,7.4,2.0
513,3.3,2.1
520,5.6,2.4
548,7.7,1.4
549,9.3,1.5
581,12.0,0.8
621,13.3,2.2
653,6.9,0.5
746,10.4,0.8
834,6.3,0.8
942,4.0,0.6
1099,26.1,0.1

79,15.3,2.2
91,9.5,2.1
95,4.5,2.5
100,18.0,2.3
120,5.7,1.5
124,5.8,2.3
136,18.4,2.7
161,7.2,2.1
162,17.6,1.9
186,7.4,2.5
258,7.5,1.2
307,7.7,2.3
313,20.0,2.7
336,11.1,1.3
380,3.4,0.7
390,23.5,0.7
391,3.2,0.9
451,27.2,0.8
487,4.7,2.6
493,9.5,0.9
531,5.4,0.7
623,3.9,0.6
645,4.7,1.0
646,7.2,0.4
690,7.8,0.6
888,34.0,0.1
902,3.5,0.0

89,19.3,2.2
99,10.7,2.3
100,4.8,2.3
101,12.6,2.2
116,16.2,2.3
126,3.5,1.4
131,6.7,2.3
183,8.6,1.6
185,14.0,2.3
199,4.7,2.0
245,5.2,1.2
276,15.0,1.2
279,4.6,1.0
361,4.2,0.8
366,3.8,1.1
383,7.0,1.1
411,8.3,1.7
458,12.7,0.7
481,8.0,0.9
497,3.3,1.0
507,3.1,0.4
552,7.9,0.6
616,10.0,0.8
638,4.1,0.4
656,6.2,1.2
659,5.0,0.7
925,14.6,0.1
929,3.5,0.1

87,11.5,2.2
103,5.6,2.5
122,3.6,2.7
128,13.7,1.7
152,9.7,2.2
155,15.8,2.3
186,4.5,2.6
191,8.5,0.9
192,5.6,2.4
199,5.7,2.6
239,11.0,0.8
314,8.1,0.8
326,12.5,2.2
372,11.2,1.5
391,9.2,2.0
403,4.5,0.8
409,4.3,1.3
421,5.2,1.1
437,4.5,1.0
444,7.4,1.0
459,11.5,0.9
460,16.7,0.7
518,17.1,0.7
600,5.5,1.5
601,3.5,1.4
691,5.0,1.5
711,3.3,0.6
723,3.3,0.4
744,4.3,1.1
754,12.5,0.4
759,9.4,0.7
906,24.8,0.2
935,5.0,0.0

79,8.9,1.2
100,7.7,1.8
121,27.5,2.7
125,9.8,2.2
132,4.3,2.4
168,8.3,2.1
187,11.3,1.9
195,19.4,1.6
203,8.9,2.5
253,13.3,1.0
299,7.1,2.7
310,5.0,2.7
325,10.3,0.9
333,6.2,0.9
358,6.7,1.2
377,4.0,0.9
382,11.5,0.9
390,4.6,1.4
391,5.2,0.8
409,24.5,0.6
427,5.3,0.8
453,6.9,0.8
476,5.9,0.6
481,5.1,0.6
490,4.8,0.7
514,9.0,0.4
611,4.7,0.5
659,9.0,0.6
717,5.0,0.2
729,8.5,0.6
792,4.2,0.7
824,7.5,0.2
838,12.7,0.2
859,31.6,0.4
881,3.1,0.2
921,8.3,0.0

120,23.2,1.8
121,6.0,2.3
126,8.4,1.9
146,32.4,1.9
150,9.1,1.9
160,3.7,2.6
169,14.0,1.4
178,10.8,1.3
235,8.2,2.1
237,8.0,2.6
243,14.6,2.3
290,3.5,0.7
299,10.5,1.5
350,5.3,1.1
353,10.9,1.4
354,12.5,0.7
355,7.6,0.8
384,8.8,0.7
412,12.3,0.9
431,5.9,0.7
457,7.4,0.6
533,6.7,0.2
581,10.0,0.2
583,6.4,0.7
615,3.1,1.2
627,9.2,0.7
696,10.1,0.6
801,10.2,0.4
880,5.9,0.1

42,29.9,1.2
76,14.1,2.3
140,14.0,1.9
151,22.0,1.9
158,9.3,2.4
169,11.8,2.5
178,12.4,2.3
197,25.6,2.1
258,7.8,2.6
270,26.9,1.9
274,5.3,2.7
276,6.1,3.4
281,3.6,2.7
293,15.8,1.8
322,15.9,2.6
331,9.2,2.3
348,6.3,1.9
358,25.5,2.0
383,6.2,0.7
428,11.0,1.0
432,3.3,1.7
433,13.3,2.4
508,6.6,0.4
582,3.4,1.3
607,5.3,1.8
612,12.0,2.9
618,11.2,0.9
642,7.8,1.2
657,16.2,1.6
671,4.8,1.1
788,23.2,1.2
893,5.5,0.3

62,20.8,1.6
117,9.1,2.1
131,7.8,1.8
132,12.9,2.8
142,6.8,1.8
146,10.0,2.1
156,7.7,2.4
160,10.5,1.7
202,3.2,2.1
205,11.5,2.6
207,7.2,1.8
216,3.9,2.1
233,10.8,2.7
237,11.2,2.8
262,7.2,2.3
271,9.4,2.2
333,8.7,1.0
384,3.4,2.0
391,12.8,1.4
436,23.3,1.4
473,11.8,1.1
537,9.7,1.3
548,7.2,0.9
564,3.8,0.6
591,16.9,1.1
638,17.0,3.0
640,4.6,1.1
708,8.2,0.9
765,7.1,1.2

49,12.1,1.6
114,17.8,2.7
122,29.4,1.9
155,3.5,2.4
161,13.0,1.7
178,9.5,1.4
184,3.1,2.7
203,12.6,2.5
215,10.3,2.7
262,4.0,2.4
264,4.7,2.5
294,7.1,1.7
300,5.5,2.7
305,8.1,1.9
322,16.7,1.5
372,11.3,2.1
538,19.5,1.3
545,3.5,0.8
550,3.3,1.0
613,4.4,1.1
625,4.2,1.2
630,3.1,0.8
641,5.6,3.9
674,5.9,0.6
689,11.8,1.2
698,5.5,1.8
717,3.1,1.1
748,4.4,0.9
777,3.1,0.7
791,4.7,1.2
811,19.9,1.2
848,3.9,1.0

91,4.9,2.8
100,3.8,2.0
114,8.4,2.8
120,19.8,2.2
121,5.4,2.0
127,7.7,1.8
160,15.6,1.6
162,4.2,2.6
252,13.3,2.4
275,3.7,2.1
293,6.3,2.4
296,18.8,1.9
310,7.9,1.9
339,3.2,1.0
377,16.5,1.6
407,13.0,1.6
504,4.1,1.7
537,6.5,0.9
548,5.1,1.7
593,7.6,0.5
606,7.5,1.0
609,8.1,1.0
664,14.1,2.3
676,8.3,0.6
720,17.9,1.2
769,3.1,0.6
791,6.6,0.4

42,8.7,1.7
110,5.0,2.1
112,5.2,2.3
131,25.0,2.6
154,4.5,2.4
170,5.6,2.8
171,3.8,1.7
223,12.5,2.3
224,8.5,2.6
246,23.9,1.8
271,7.5,2.5
311,6.1,2.0
329,7.5,2.3
366,9.7,1.7
413,13.4,1.9
467,10.1,1.6
470,9.5,1.4
486,4.8,0.5
532,4.4,1.1
543,4.4,1.3
551,11.9,1.1
576,4.2,1.8
638,12.6,1.9
648,13.3,1.5
667,3.8,0.7

40,12.5,1.7
96,11.0,2.4
113,14.0,1.4
116,8.9,2.3
125,22.6,2.1
129,11.3,2.0
138,18.0,2.4
167,13.7,2.7
180,10.7,2.2
187,17.4,2.3
197,4.4,2.5
206,10.5,1.8
212,17.3,2.3
231,4.4,2.3
260,6.3,1.0
261,7.9,0.9
269,3.8,2.2
308,3.4,1.9
309,4.5,2.0
314,11.0,2.3
346,3.5,1.1
368,4.7,1.7
441,5.9,1.5
499,4.9,0.8
525,9.2,1.9
534,5.3,1.3
579,4.4,0.6
589,3.9,0.3
594,11.3,0.8
663,16.3,1.3
718,7.9,0.6

54,22.3,1.9
83,8.0,1.9
97,4.1,1.8
115,9.8,2.0
117,10.3,2.2
131,4.1,2.2
132,13.1,2.3
144,9.0,2.8
184,3.3,1.9
199,24.7,1.9
209,16.5,3.2
242,3.8,2.2
299,8.0,1.0
306,6.2,1.6
316,8.8,0.9
319,17.4,2.9
378,7.8,1.4
406,8.1,1.0
417,5.1,1.7
486,3.6,0.3
499,4.4,0.9
531,8.2,0.7
639,3.4,2.1
644,11.2,0.6
652,4.5,1.4
656,5.0,0.8
670,14.5,1.2
722,3.7,0.6
766,11.6,0.3

48,20.3,1.6
93,16.9,1.7
98,5.9,2.4
119,11.0,2.5
123,14.8,2.3
125,13.9,1.9
128,4.7,2.4
138,9.2,2.8
151,3.9,2.1
262,4.4,1.3
307,15.5,1.2
311,5.9,1.8
331,3.2,1.3
341,7.8,1.5
350,8.7,1.6
362,5.4,1.1
365,13.8,1.0
374,21.3,2.1
452,7.6,4.1
496,4.7,0.9
579,11.1,0.4
617,7.6,0.7
678,5.8,1.8
681,27.6,1.6
732,14.2,0.6
739,6.6,1.0

40,6.7,1.9
88,9.9,1.6
90,14.6,2.2
98,25.8,2.3
105,4.5,2.2
123,15.7,2.3
130,27.0,2.6
133,9.3,2.1
196,7.3,2.3
202,6.9,2.0
204,4.7,1.3
219,9.1,2.0
248,16.4,2.5
288,4.2,1.2
345,4.0,1.3
378,14.2,1.2
383,19.2,2.3
462,10.8,0.4
521,3.2,1.0
528,9.1,1.0
529,6.6,1.0
532,3.5,0.9
554,4.9,1.4
663,6.6,0.7
676,8.8,0.6
706,3.5,0.4
727,8.3,0.2

39,19.8,1.6
84,4.1,2.3
93,12.0,1.9
115,16.4,1.9
122,5.6,2.6
127,15.5,2.0
138,6.7,2.8
141,6.1,2.1
147,3.3,2.2
168,4.8,2.3
170,6.7,2.3
173,7.7,2.1
183,11.7,2.4
187,10.3,2.0
230,3.3,2.1
240,12.2,2.4
310,6.0,1.6
388,4.5,1.5
439,5.1,2.0
469,6.6,1.1
508,9.6,0.8
532,12.0,0.9
539,7.6,0.6
559,8.8,1.3
592,15.4,1.3
618,5.0,0.8
623,9.6,0.6
659,8.8,0.7
688,5.0,1.4
700,15.5,1.3
705,4.0,0.7
709,6.7,0.8

42,4.7,1.8
78,12.9,2.0
98,5.4,2.3
115,15.7,2.3
121,7.1,1.9
133,5.6,2.0
137,3.7,2.3
140,14.9,2.6
142,3.6,2.4
233,11.3,2.2
256,6.0,1.6
305,12.6,1.6
329,9.1,1.1
352,19.6,1.0
359,9.8,1.1
408,5.1,1.7
418,8.9,2.4
446,8.3,1.3
453,4.5,1.2
486,6.2,1.9
487,6.2,1.9
500,3.5,0.8
513,3.5,1.3
533,11.4,1.2
551,11.3,0.4
581,14.5,1.5
632,13.4,1.6
726,9.6,1.4

65,17.8,2.0
81,12.6,1.6
85,9.5,1.9
99,11.5,2.0
113,9.5,2.5
143,12.1,2.6
153,14.9,2.1
155,19.3,1.9
160,13.8,2.5
171,5.6,2.3
202,8.0,3.6
203,8.0,3.6
209,5.0,2.7
211,7.0,2.3
223,4.2,1.3
226,22.1,2.1
253,3.8,2.4
265,3.5,2.8
287,8.0,2.7
299,5.6,2.1
333,9.4,1.9
346,8.8,1.2
444,7.8,1.1
479,7.3,2.4
497,15.2,0.8
561,3.8,0.5
570,14.3,0.9
575,3.2,0.4
581,16.1,2.0
593,3.2,0.6
784,9.9,1.6
795,21.7,1.7
813,5.9,0.9
870,8.5,0.3
877,3.3,0.2
902,8.2,0.1

71,15.4,2.0
92,8.4,1.7
118,19.2,2.3
124,5.2,1.8
135,8.5,2.1
140,14.1,1.5
143,4.8,1.5
154,8.0,1.9
247,7.0,2.2
249,4.1,2.1
259,7.9,1.9
282,24.6,2.2
283,14.6,1.8
287,4.0,1.3
301,4.6,3.6
325,7.9,1.3
392,3.5,2.0
416,3.1,2.4
419,4.6,1.5
460,3.7,1.1
494,19.0,5.7
524,10.4,0.9
537,4.5,2.3
622,7.8,0.8
670,4.2,0.6
773,7.0,0.8
784,24.8,1.7
821,8.1,0.6

82,6.7,1.9
100,5.2,2.2
117,16.9,2.5
118,10.6,2.4
132,3.3,1.8
141,10.6,1.7
151,13.9,2.1
169,22.5,2.4
178,6.8,2.2
204,4.6,2.4
233,6.5,2.1
281,17.0,2.2
282,17.0,2.2
298,4.6,2.2
299,4.2,2.2
304,5.0,1.1
305,12.3,1.2
323,16.7,5.1
329,9.7,1.1
336,3.6,2.3
348,11.8,2.0
374,5.8,2.1
434,14.8,6.1
448,10.9,1.0
489,5.8,1.2
556,12.4,0.4
569,6.4,1.3
579,6.2,1.2
619,6.9,0.7
660,4.6,0.9
742,14.6,2.0
744,3.1,1.4
842,4.6,0.3
845,4.1,0.3

49,13.9,1.9
71,16.9,2.4
108,10.4,2.2
111,11.8,1.9
130,23.9,1.6
153,19.4,1.9
170,10.9,1.9
176,10.3,1.8
215,7.4,2.5
221,9.9,2.2
224,10.4,2.2
225,8.7,2.6
226,8.7,2.6
284,17.8,1.0
320,3.1,0.8
430,4.0,1.3
436,8.4,1.5
454,42.9,6.1
499,6.9,1.3
506,3.5,0.7
521,10.6,1.6
526,5.6,0.4
553,3.6,0.7
582,4.2,0.9
583,4.1,1.0
638,3.1,1.0
697,6.3,0.8
744,12.5,1.7
879,10.0,0.1

52,10.6,1.7
65,6.0,2.1
100,29.4,1.7
142,6.2,1.9
151,13.3,2.2
154,10.4,2.5
166,10.4,2.8
167,10.4,2.8
194,16.7,2.1
232,12.3,2.1
243,13.0,2.1
247,6.9,2.3
261,7.4,1.6
394,4.9,0.9
399,3.7,2.8
423,4.9,1.2
466,20.2,6.0
474,9.5,0.9
475,6.6,1.9
525,14.6,1.0
638,3.1,0.3
755,17.4,1.4
761,3.2,1.3
779,3.1,0.9
802,8.2,0.7

78,10.6,1.9
108,17.5,2.2
139,10.9,1.9
147,14.9,1.8
154,19.7,2.3
178,13.1,3.0
205,6.3,2.5
225,14.8,2.2
253,6.5,2.9
267,11.0,1.6
282,15.4,2.2
292,9.3,1.4
311,8.1,0.7
388,5.2,1.0
418,4.2,1.0
425,7.4,6.6
426,18.3,0.9
444,7.6,0.9
515,8.3,0.5
523,6.6,1.5
541,4.8,1.1
600,6.2,1.1
615,4.6,0.7
654,5.5,0.5
668,18.3,1.2
694,5.0,0.5
720,4.3,0.8
826,7.4,0.2
